{
    "exports": {
        "Kragg": {
            "name": "Kragg",
            "mainElement": "earth",
            "weaponclass": "none",
            "armorclass": "none",
            "weapons": {},
            "armors": {},
            "curweapon": {},
            "curarmor": {},
            "owner": "313972298992451585",
            "level": 81,
            "hp": 760,
            "mp": 425,
            "maxhp": 760,
            "maxmp": 425,
            "basehp": 40,
            "basemp": 25,
            "mpMeter": [
                "Magic Points",
                "MP"
            ],
            "melee": {
                "name": "Jab",
                "type": "strike",
                "pow": 50,
                "acc": 75,
                "crit": 13
            },
            "stats": {
                "atk": 89,
                "mag": 30,
                "prc": 87,
                "end": 90,
                "chr": 28,
                "int": 45,
                "agl": 44,
                "luk": 46
            },
            "basestats": {
                "baseatk": 9,
                "basemag": 3,
                "baseprc": 7,
                "baseend": 10,
                "basechr": 1,
                "baseint": 5,
                "baseagl": 4,
                "baseluk": 6
            },
            "lb": 0,
            "xp": -304206405,
            "maxxp": 46801487,
            "affinities": {
                "superweak": [],
                "weak": [
                    "wind"
                ],
                "resist": [
                    "earth"
                ],
                "block": [],
                "repel": [],
                "drain": []
            },
            "skills": [
                "DefenseBall",
                "RockHurl",
                "Rockquake",
                "Dropkick",
                "HornBash",
                "Taunt"
            ],
            "autolearn": [],
            "quotes": {
                "meleequote": [],
                "physquote": [],
                "magquote": [],
                "allyatkquote": [],
                "lbquote": [],
                "tcquote": [],
                "strongquote": [],
                "badatkquote": [],
                "landedquote": [],
                "missquote": [],
                "superweakquote": [],
                "weakquote": [],
                "hurtquote": [],
                "resistquote": [],
                "blockquote": [],
                "repelquote": [],
                "drainquote": [],
                "dodgequote": [],
                "deathquote": [],
                "killquote": [],
                "pacifyquote": [],
                "allydeathquote": [],
                "healquote": [],
                "helpedquote": [],
                "consolequote": [],
                "imfinequote": [],
                "lvlquote": []
            },
            "bio": {
                "fullname": "",
                "nickname": "",
                "species": "",
                "gender": "other",
                "height": [
                    4,
                    0
                ],
                "weight": 0,
                "age": 10,
                "info": "",
                "backstory": "",
                "likes": "",
                "dislikes": "",
                "fears": "",
                "voice": "",
                "theme": "",
                "custom": {}
            },
            "trust": {}
        },
        "Zetterburn": {
            "name": "Zetterburn",
            "mainElement": "fire",
            "weaponclass": "none",
            "armorclass": "none",
            "weapons": {},
            "armors": {},
            "curweapon": {},
            "curarmor": {},
            "owner": "313972298992451585",
            "level": 81,
            "hp": 497,
            "mp": 408,
            "maxhp": 497,
            "maxmp": 408,
            "basehp": 33,
            "basemp": 32,
            "mpMeter": [
                "Magic Points",
                "MP"
            ],
            "melee": {
                "name": "Jab",
                "type": "slash",
                "pow": 40,
                "acc": 80,
                "crit": 10,
                "status": "bleed",
                "statuschance": 8
            },
            "stats": {
                "atk": 46,
                "mag": 87,
                "prc": 87,
                "end": 45,
                "chr": 88,
                "int": 30,
                "agl": 46,
                "luk": 30
            },
            "basestats": {
                "baseatk": 6,
                "basemag": 7,
                "baseprc": 7,
                "baseend": 5,
                "basechr": 8,
                "baseint": 3,
                "baseagl": 6,
                "baseluk": 3
            },
            "lb": 0,
            "xp": -304206405,
            "maxxp": 46801487,
            "affinities": {
                "superweak": [],
                "weak": [
                    "water"
                ],
                "resist": [
                    "fire"
                ],
                "block": [],
                "repel": [],
                "drain": []
            },
            "skills": [
                "Blazing Shine",
                "Wild Fire",
                "Claw Rush",
                "Brisk Uppercut",
                "Dual Sweep",
                "Taunt",
                "MultiII",
                "Fireball"
            ],
            "autolearn": [],
            "quotes": {
                "meleequote": [],
                "physquote": [],
                "magquote": [],
                "allyatkquote": [],
                "lbquote": [],
                "tcquote": [],
                "strongquote": [],
                "badatkquote": [],
                "landedquote": [],
                "missquote": [],
                "superweakquote": [],
                "weakquote": [],
                "hurtquote": [],
                "resistquote": [],
                "blockquote": [],
                "repelquote": [],
                "drainquote": [],
                "dodgequote": [],
                "deathquote": [],
                "killquote": [],
                "pacifyquote": [],
                "allydeathquote": [],
                "healquote": [],
                "helpedquote": [],
                "consolequote": [],
                "imfinequote": [],
                "lvlquote": []
            },
            "bio": {
                "fullname": "",
                "nickname": "",
                "species": "",
                "gender": "other",
                "height": [
                    4,
                    0
                ],
                "weight": 0,
                "age": 10,
                "info": "",
                "backstory": "",
                "likes": "",
                "dislikes": "",
                "fears": "",
                "voice": "",
                "theme": "",
                "custom": {}
            },
            "trust": {}
        },
        "Sonic (Darkoedit)": {
            "name": "Sonic (Darkoedit)",
            "mainElement": "wind",
            "weaponclass": "none",
            "armorclass": "none",
            "weapons": {},
            "armors": {},
            "curweapon": {},
            "curarmor": {},
            "owner": "313972298992451585",
            "level": 90,
            "hp": 574,
            "mp": 470,
            "maxhp": 574,
            "maxmp": 470,
            "basehp": 40,
            "basemp": 25,
            "mpMeter": [
                "Magic Points",
                "MP"
            ],
            "melee": {
                "name": "Dropdash",
                "type": "strike",
                "pow": 45,
                "acc": 80,
                "crit": 15
            },
            "stats": {
                "atk": 96,
                "mag": 50,
                "prc": 96,
                "end": 34,
                "chr": 32,
                "int": 50,
                "agl": 99,
                "luk": 50
            },
            "basestats": {
                "baseatk": 7,
                "basemag": 5,
                "baseprc": 7,
                "baseend": 4,
                "basechr": 2,
                "baseint": 5,
                "baseagl": 10,
                "baseluk": 5
            },
            "lb": 0,
            "xp": -1102815557,
            "maxxp": 169664433,
            "affinities": {
                "superweak": [
                    "water"
                ],
                "weak": [],
                "resist": [
                    "wind"
                ],
                "block": [],
                "repel": [],
                "drain": []
            },
            "skills": [
                "LightSpeedAttack",
                "Windmill",
                "Eagle Kick",
                "Sonic Wind",
                "WindAura"
            ],
            "autolearn": [],
            "quotes": {
                "meleequote": [],
                "physquote": [],
                "magquote": [],
                "allyatkquote": [],
                "lbquote": [],
                "tcquote": [],
                "strongquote": [],
                "badatkquote": [],
                "landedquote": [],
                "missquote": [],
                "superweakquote": [],
                "weakquote": [],
                "hurtquote": [],
                "resistquote": [],
                "blockquote": [],
                "repelquote": [],
                "drainquote": [],
                "dodgequote": [],
                "deathquote": [],
                "killquote": [],
                "pacifyquote": [],
                "allydeathquote": [],
                "healquote": [],
                "helpedquote": [],
                "consolequote": [],
                "imfinequote": [],
                "lvlquote": []
            },
            "bio": {
                "fullname": "",
                "nickname": "",
                "species": "",
                "gender": "other",
                "height": [
                    4,
                    0
                ],
                "weight": 0,
                "age": 10,
                "info": "",
                "backstory": "",
                "likes": "",
                "dislikes": "",
                "fears": "",
                "voice": "",
                "theme": "",
                "custom": {}
            },
            "trust": {},
            "leaderskill": {
                "name": "Fastest Thing Alive",
                "type": "buff",
                "var1": "agl",
                "var2": 2
            }
        },
        "Shadow": {
            "name": "Shadow",
            "owner": "313972298992451585",
            "level": 90,
            "hp": 623,
            "mp": 465,
            "maxhp": 623,
            "maxmp": 465,
            "basehp": 45,
            "basemp": 20,
            "mpMeter": [
                "ChaosEnergy",
                "CE"
            ],
            "status": "none",
            "statusturns": 0,
            "melee": {
                "name": "ArmChop",
                "type": "strike",
                "pow": 30,
                "acc": 95,
                "crit": 15
            },
            "weapon": {},
            "armor": {},
            "lb": {},
            "xp": 0,
            "maxxp": 169664433,
            "skills": [
                "ChaosBlast",
                "ChaosSpear",
                "ChaosNightmare",
                "ChaosMagic",
                "HomingAttack",
                "Gun",
                "ChaosControl",
                "NukeAura"
            ],
            "critquote": [],
            "deathquote": [],
            "bio": {
                "species": "",
                "age": 10,
                "info": "",
                "backstory": "",
                "likes": "",
                "dislikes": "",
                "fears": "",
                "voice": "",
                "theme": "",
                "height": [
                    4,
                    0
                ],
                "weight": 0,
                "custom": {}
            },
            "trust": {},
            "mainElement": "nuclear",
            "stats": {
                "atk": 97,
                "mag": 50,
                "prc": 98,
                "end": 49,
                "chr": 31,
                "int": 51,
                "agl": 98,
                "luk": 33
            },
            "basestats": {
                "baseatk": 8,
                "basemag": 5,
                "baseprc": 9,
                "baseend": 4,
                "basechr": 1,
                "baseint": 6,
                "baseagl": 9,
                "baseluk": 3
            },
            "affinities": {
                "weak": [],
                "resist": [],
                "block": [],
                "repel": [],
                "drain": []
            },
            "autolearn": {
                "0": true,
                "1": true,
                "4": true,
                "5": true,
                "6": true,
                "7": true
            },
            "quotes": {
                "meleequote": [],
                "physquote": [],
                "magquote": [],
                "lbquote": [],
                "strongquote": [],
                "missquote": [],
                "weakquote": [],
                "hurtquote": [],
                "resistquote": [],
                "blockquote": [],
                "repelquote": [],
                "drainquote": [],
                "killquote": [],
                "healquote": [],
                "helpedquote": []
            },
            "leaderskill": {
                "name": "UltimateLifeform",
                "type": "discount",
                "var1": "magic",
                "var2": 10
            }
        },
        "Silver": {
            "name": "Silver",
            "owner": "313972298992451585",
            "level": 90,
            "hp": 376,
            "mp": 623,
            "maxhp": 376,
            "maxmp": 623,
            "basehp": 20,
            "basemp": 45,
            "mpMeter": [
                "Magic Points",
                "MP"
            ],
            "status": "none",
            "statusturns": 0,
            "melee": {
                "name": "PsychicBash",
                "type": "strike",
                "pow": 30,
                "acc": 95,
                "crit": 15
            },
            "weapon": {},
            "armor": {},
            "lb": {},
            "xp": 0,
            "maxxp": 169664433,
            "skills": [
                "PsycheShockwave",
                "PsychicCut",
                "PsychoForce",
                "MeteorSmash",
                "Makarakarn",
                "PsyAuraX",
                "PsychicCounterB",
                "PsychicCounterA"
            ],
            "critquote": [],
            "deathquote": [],
            "bio": {
                "species": "",
                "age": 10,
                "info": "",
                "backstory": "",
                "likes": "",
                "dislikes": "",
                "fears": "",
                "voice": "",
                "theme": "",
                "height": [
                    4,
                    0
                ],
                "weight": 0,
                "custom": {}
            },
            "trust": {},
            "mainElement": "psychic",
            "stats": {
                "atk": 31,
                "mag": 99,
                "prc": 99,
                "end": 49,
                "chr": 31,
                "int": 49,
                "agl": 53,
                "luk": 97
            },
            "basestats": {
                "baseatk": 1,
                "basemag": 10,
                "baseprc": 10,
                "baseend": 4,
                "basechr": 1,
                "baseint": 4,
                "baseagl": 8,
                "baseluk": 8
            },
            "affinities": {
                "weak": [],
                "resist": [],
                "block": [],
                "repel": [],
                "drain": []
            },
            "autolearn": {
                "0": true,
                "1": true,
                "2": true,
                "3": true,
                "4": true,
                "5": true,
                "6": true,
                "7": true
            },
            "quotes": {
                "meleequote": [],
                "physquote": [],
                "magquote": [],
                "lbquote": [],
                "strongquote": [],
                "missquote": [],
                "weakquote": [],
                "hurtquote": [],
                "resistquote": [],
                "blockquote": [],
                "repelquote": [],
                "drainquote": [],
                "killquote": [],
                "healquote": [],
                "helpedquote": []
            }
        },
        "OldDarko": {
            "name": "OldDarko",
            "owner": "313972298992451585",
            "level": 65,
            "hp": 611,
            "mp": 381,
            "maxhp": 611,
            "maxmp": 381,
            "basehp": 48,
            "basemp": 17,
            "mpMeter": [
                "Magic Points",
                "MP"
            ],
            "melee": {
                "name": "ChaosSpear",
                "type": "pierce",
                "pow": 30,
                "acc": 95,
                "crit": 15
            },
            "weapon": {},
            "armor": {},
            "xp": 0,
            "maxxp": 4741253,
            "skills": [
                "ViciousStrike",
                "GiganticFist",
                "FireballVolley",
                "Strike Break",
                "Matarukaja",
                "Marakukaja",
                "HighCounter",
                "RegenIII"
            ],
            "critquote": [],
            "deathquote": [],
            "bio": {
                "species": "",
                "age": 10,
                "info": "",
                "backstory": "",
                "likes": "",
                "dislikes": "",
                "fears": "",
                "voice": "",
                "theme": "",
                "height": [
                    4,
                    0
                ],
                "weight": 0,
                "custom": {}
            },
            "trust": {},
            "mainElement": "strike",
            "stats": {
                "atk": 74,
                "mag": 38,
                "prc": 36,
                "end": 72,
                "chr": 22,
                "int": 72,
                "agl": 37,
                "luk": 24
            },
            "basestats": {
                "baseatk": 10,
                "basemag": 6,
                "baseprc": 4,
                "baseend": 8,
                "basechr": 1,
                "baseint": 8,
                "baseagl": 5,
                "baseluk": 3
            },
            "affinities": {
                "superweak": [
                    "ice"
                ],
                "weak": [
                    "water"
                ],
                "resist": [
                    "strike",
                    "wind"
                ],
                "block": [],
                "repel": [],
                "drain": [
                    "fire"
                ]
            },
            "autolearn": {
                "0": true,
                "1": true,
                "2": true,
                "3": true,
                "4": true,
                "5": true,
                "6": true,
                "7": true
            },
            "quotes": {
                "meleequote": [],
                "physquote": [],
                "magquote": [],
                "lbquote": [],
                "strongquote": [],
                "missquote": [],
                "weakquote": [],
                "hurtquote": [],
                "resistquote": [],
                "blockquote": [],
                "repelquote": [],
                "drainquote": [],
                "killquote": [],
                "healquote": [],
                "helpedquote": []
            },
            "lb": {}
        },
        "Anti-Sky": {
            "name": "Anti-Sky",
            "owner": "313972298992451585",
            "level": 76,
            "hp": 607,
            "mp": 357,
            "maxhp": 607,
            "maxmp": 357,
            "basehp": 45,
            "basemp": 20,
            "mpMeter": [
                "Magic Points",
                "MP"
            ],
            "melee": {
                "name": "BIBLE",
                "type": "strike",
                "pow": 80,
                "acc": 100,
                "crit": 15,
                "status": "confusion"
            },
            "weapon": {},
            "armor": {},
            "xp": -94116113,
            "maxxp": 22883377,
            "skills": [
                "KiBlast[2]",
                "BuiltDifferent",
                "God'sHand",
                "Maragidyne",
                "ReturnToSender",
                "LifeMooch",
                "InvigIII"
            ],
            "critquote": [],
            "deathquote": [],
            "bio": {
                "species": "",
                "age": 10,
                "info": "",
                "backstory": "",
                "likes": "",
                "dislikes": "",
                "fears": "",
                "voice": "",
                "theme": "",
                "gender": "",
                "height": [
                    4,
                    0
                ],
                "weight": 0,
                "custom": {}
            },
            "trust": {},
            "mainElement": "bless",
            "charms": [],
            "curCharms": [],
            "transformations": {
                "ConquererOfTheUnderworld": {
                    "name": "ConquererOfTheUnderworld",
                    "requirement": "onlystanding",
                    "desc": "",
                    "hp": 19,
                    "atk": 10,
                    "mag": 5,
                    "prc": -4,
                    "end": 0,
                    "chr": 0,
                    "int": 0,
                    "agl": 0,
                    "luk": 0,
                    "tp": 0,
                    "tpmax": 10,
                    "level": 1
                }
            },
            "stats": {
                "atk": 83,
                "mag": 45,
                "prc": 26,
                "end": 44,
                "chr": 26,
                "int": 43,
                "agl": 82,
                "luk": 85
            },
            "basestats": {
                "baseatk": 8,
                "basemag": 7,
                "baseprc": 1,
                "baseend": 6,
                "basechr": 1,
                "baseint": 5,
                "baseagl": 7,
                "baseluk": 10
            },
            "affinities": {
                "weak": [],
                "resist": [
                    "psychic"
                ],
                "block": [
                    "curse"
                ],
                "repel": [],
                "drain": []
            },
            "autolearn": {
                "6": true,
                "7": true,
                "true": true
            },
            "quotes": {
                "meleequote": [],
                "physquote": [],
                "magquote": [],
                "lbquote": [],
                "strongquote": [],
                "missquote": [],
                "weakquote": [],
                "hurtquote": [],
                "resistquote": [],
                "blockquote": [],
                "repelquote": [],
                "drainquote": [],
                "killquote": [],
                "healquote": [],
                "helpedquote": []
            },
            "lb": {}
        }
    }
}