{
    "exports": {
        "Sonic": {
            "name": "Sonic",
            "owner": "461050360832720904",
            "level": 90,
            "hp": 574,
            "mp": 336,
            "maxhp": 574,
            "maxmp": 336,
            "basehp": 40,
            "basemp": 25,
            "mpMeter": [
                "Magic Points",
                "MP"
            ],
            "melee": {
                "name": "SonicPunch",
                "type": "strike",
                "pow": 30,
                "acc": 95,
                "crit": 15
            },
            "weapon": {},
            "xp": 313004,
            "maxxp": 169664433,
            "skills": [
                "BlueTornado",
                "SpinDash",
                "HomingAttack",
                "RingToss",
                "SuperSonic",
                "PowerCharge",
                "WindAura"
            ],
            "critquote": [],
            "deathquote": [],
            "bio": {
                "species": "",
                "age": 10,
                "info": "",
                "backstory": "",
                "likes": "",
                "dislikes": "",
                "fears": "",
                "voice": "",
                "theme": "",
                "gender": "",
                "height": [
                    4,
                    0
                ],
                "weight": 0,
                "custom": {}
            },
            "trust": {},
            "mainElement": "wind",
            "charms": [],
            "curCharms": [],
            "armor": {},
            "hidden": true,
            "stats": {
                "atk": 96,
                "mag": 33,
                "prc": 99,
                "end": 49,
                "chr": 49,
                "int": 32,
                "agl": 99,
                "luk": 50
            },
            "basestats": {
                "baseatk": 7,
                "basemag": 3,
                "baseprc": 10,
                "baseend": 4,
                "basechr": 4,
                "baseint": 2,
                "baseagl": 10,
                "baseluk": 5
            },
            "affinities": {
                "weak": [],
                "resist": [],
                "block": [],
                "repel": [],
                "drain": []
            },
            "autolearn": {
                "true": true
            },
            "quotes": {
                "meleequote": [],
                "physquote": [],
                "magquote": [],
                "lbquote": [],
                "strongquote": [],
                "missquote": [],
                "weakquote": [],
                "hurtquote": [],
                "resistquote": [],
                "blockquote": [],
                "repelquote": [],
                "drainquote": [],
                "killquote": [],
                "healquote": [],
                "helpedquote": []
            },
            "leaderskill": {
                "name": "BlueBlur",
                "type": "buff",
                "var1": "agl",
                "var2": 3
            },
            "lb": {}
        }
    }
}