{
    "h": {
        "name": "h",
        "currency": 0,
        "members": [
            "h"
        ],
        "backup": [],
        "items": {},
        "weapons": {},
        "armors": {},
        "negotiates": {},
        "negotiateAllies": {},
        "discoveries": {}
    },
    "m": {
        "name": "m",
        "currency": 0,
        "members": [
            "h",
            "Permic"
        ],
        "backup": [],
        "items": {},
        "weapons": {},
        "armors": {},
        "negotiates": {},
        "negotiateAllies": {}
    }
}