{
    "Metal Sonic": {
        "name": "Metal Sonic",
        "mainElement": "metal",
        "owner": "461050360832720904",
        "level": 90,
        "hp": 5000,
        "mp": 500,
        "status": "none",
        "statusturns": 0,
        "melee": {
            "name": "Claw Slash",
            "type": "slash",
            "pow": 50,
            "acc": 90,
            "crit": 15,
            "status": "bleed",
            "statuschance": 20
        },
        "stats": {
            "atk": 90,
            "mag": 45,
            "prc": 86,
            "end": 88,
            "chr": 35,
            "int": 88,
            "agl": 88,
            "luk": 50
        },
        "lb": {},
        "xp": 5000,
        "affinities": {
            "superweak": [],
            "weak": [
                "water",
                "pierce",
                "earth"
            ],
            "resist": [
                "metal",
                "fire",
                "nuclear"
            ],
            "block": [
                "poison"
            ],
            "repel": [],
            "drain": [
                "electric"
            ]
        },
        "skills": [
            "IronFist",
            "FatalEnd",
            "V.MaximumOverdrive",
            "PlasmaPulseAttack",
            "Charge",
            "BlackShield"
        ],
        "quotes": {
            "meleequote": [],
            "physquote": [],
            "magquote": [],
            "allyatkquote": [],
            "lbquote": [],
            "tcquote": [],
            "strongquote": [],
            "badatkquote": [],
            "landedquote": [],
            "missquote": [],
            "superweakquote": [],
            "weakquote": [],
            "hurtquote": [],
            "resistquote": [],
            "blockquote": [],
            "repelquote": [],
            "drainquote": [],
            "dodgequote": [],
            "deathquote": [],
            "killquote": [],
            "pacifyquote": [],
            "allydeathquote": [],
            "healquote": [],
            "helpedquote": [],
            "consolequote": [],
            "imfinequote": [],
            "lvlquote": []
        },
        "dreams": [],
        "negotiate": [],
        "negotiateDefs": {
            "required": 5
        },
        "loot": "",
        "image": "",
        "type": "boss",
        "journal": "Metal Sonic is an evil, ultra-high performance, very advanced Badnik version of Sonic the Hedgehog that was created as a secret weapon by Dr. Eggman for the sole purpose of destroying the hedgehog. Modeled with extreme accuracy after Sonic, Metal Sonic not only resembles his template, but can also imitate his moves and achieve speeds matching and even exceeding the hedgehog's own. The brainchild of Eggman, he is by far his greatest creation and one of his magnum opuses."
    }
}