{
    "Flara": {
        "loveParameter": 13
    },
    "Rainbow": {
        "loveParameter": 64
    },
    "K.I": {
        "loveParameter": 40
    },
    "Golena(C)": {
        "loveParameter": 38
    },
    "Sutela": {
        "loveParameter": 42
    },
    "Wish": {
        "loveParameter": 93
    },
    "Carlo": {
        "loveParameter": 39
    },
    "Negagen": {
        "loveParameter": 12
    },
    "Anti-Sky": {
        "loveParameter": 37
    },
    "Sungon": {
        "loveParameter": 28
    },
    "Creator": {
        "loveParameter": 73
    },
    "Mario": {
        "loveParameter": 47
    },
    "Bow(ShadowHarcvuk)": {
        "loveParameter": 67
    },
    "TestInMyAss": {
        "loveParameter": 85
    },
    "ass": {
        "loveParameter": 62
    },
    "Viridian": {
        "loveParameter": 88
    },
    "Lanagu(C)": {
        "loveParameter": 67
    },
    "Paradise": {
        "loveParameter": 38
    },
    "Lena": {
        "loveParameter": 44
    },
    "Rattle": {
        "loveParameter": 64
    },
    "Monum": {
        "loveParameter": 46
    },
    "Bow": {
        "loveParameter": 68
    },
    "Pointy": {
        "loveParameter": 71
    },
    "Valoria": {
        "loveParameter": 17
    },
    "Sky": {
        "loveParameter": 99
    },
    "valoria": {
        "loveParameter": 11
    },
    "sky": {
        "loveParameter": 73
    },
    "Need": {
        "loveParameter": 40
    },
    "Euphorica": {
        "loveParameter": 9
    },
    "Mike": {
        "loveParameter": 9
    },
    "Dream": {
        "loveParameter": 71
    },
    "Golena": {
        "loveParameter": 39
    },
    "Silver": {
        "loveParameter": 53
    }
}