{   
    "official": {
        "crusts": {
            "Standard": {
                "name": "Standard",
                "image": "image"
            },
            "Thin": {
                "name": "Thin",
                "image": "image"
            },
            "Cheese": {
                "name": "Cheese",
                "image": "image"
            },
            "Sausage": {
                "name": "Sausage",
                "image": "image"
            },
            "Sausage And Cheese": {
                "name": "Sausage And Cheese",
                "image": "image"
            },
            "Stuffed": {
                "name": "Stuffed",
                "image": "image"
            },
            "Sausage Stuffed": {
                "name": "Sausage Stuffed",
                "image": "image"
            },
            "Cheese Stuffed": {
                "name": "Cheese Stuffed",
                "image": "image"
            }
        },
        "sauces": {
            "Traditional": {
                "name": "Traditional",
                "image": "image"
            },
            "Pesto": {
                "name": "Pesto",
                "image": "image"
            },
            "Olive Oil and Garlic": {
                "name": "Olive Oil and Garlic",
                "image": "image"
            },
            "White": {
                "name": "White",
                "image": "image"
            },
            "Mayo": {
                "name": "Mayo",
                "image": "image"
            },
            "BBQ": {
                "name": "BBQ",
                "image": "image"
            },
            "Ranch Dressing": {
                "name": "Ranch Dressing",
                "image": "image"
            },
            "Hamburger": {
                "name": "Hamburger",
                "image": "image"
            },
            "Salsa": {
                "name": "Salsa",
                "image": "image"
            },
            "Buffalo": {
                "name": "Buffalo",
                "image": "image"
            },
            "Sweet Chili": {
                "name": "Sweet Chili",
                "image": "image"
            },
            "Teriyaki": {
                "name": "Teriyaki",
                "image": "image"
            },
            "Fig Jam": {
                "name": "Fig Jam",
                "image": "image"
            },
            "Greek Yoghurt": {
                "name": "Greek Yoghurt",
                "image": "image"
            },
            "Bolognese": {
                "name": "Bolognese",
                "image": "image"
            }
        },
        "cheeses": {
            "Mozarella": {
                "name": "Mozarella",
                "image": "image"
            },
            "Provolone": {
                "name": "Provolone",
                "image": "image"
            },
            "Cheddar": {
                "name": "Cheddar",
                "image": "image"
            },
            "Parmesan": {
                "name": "Parmesan",
                "image": "image"
            },
            "Gouda": {
                "name": "Gouda",
                "image": "image"
            },
            "Goat": {
                "name": "Goat",
                "image": "image"
            },
            "Gruyere": {
                "name": "Gruyere",
                "image": "image"
            },
            "Ricotta": {
                "name": "Ricotta",
                "image": "image"
            },
            "Four Cheese": {
                "name": "Four Cheese",
                "image": "image"
            },
            "Mimolette": {
                "name": "Mimolette",
                "image": "image"
            },
            "Russian": {
                "name": "Russian",
                "image": "image"
            },
            "Red Leicester": {
                "name": "Red Leicester",
                "image": "image"
            },
            "Colby-Jack": {
                "name": "Colby-Jack",
                "image": "image"
            }
        },
        "toppings": {
            "Rosemary": {
                "name": "Rosemary",
                "image": "image"
            },
            "Biscuits": {
                "name": "Biscuits",
                "image": "image"
            },
            "Corn": {
                "name": "Corn",
                "image": "image"
            },
            "Squid": {
                "name": "Squid",
                "image": "image"
            },
            "Chocolate Curls": {
                "name": "Chocolate Curls",
                "image": "image"
            },
            "Sewage": {
                "name": "Sewage",
                "image": "image"
            },
            "Salt": {
                "name": "Salt",
                "image": "image"
            },
            "Pepper": {
                "name": "Pepper",
                "image": "image"
            },
            "Scallions": {
                "name": "Scallions",
                "image": "image"
            },
            "Feta": {
                "name": "Feta",
                "image": "image"
            },
            "Almonds": {
                "name": "Almonds",
                "image": "image"
            },
            "French Fries": {
                "name": "French Fries",
                "image": "image"
            },
            "Garlic": {
                "name": "Garlic",
                "image": "image"
            },
            "Basil": {
                "name": "Basil",
                "image": "image"
            },
            "Oregano": {
                "name": "Oregano",
                "image": "image"
            },
            "Broccoli": {
                "name": "Broccoli",
                "image": "image"
            },
            "Chili Peppers": {
                "name": "Chili Peppers",
                "image": "image"
            },
            "Salmon": {
                "name": "Salmon",
                "image": "image"
            },
            "Clams": {
                "name": "Clams",
                "image": "image"
            },
            "Chili Powder": {
                "name": "Chili Powder",
                "image": "image"
            },
            "Anchovies": {
                "name": "Anchovies",
                "image": "image"
            },
            "Fried Eggs": {
                "name": "Fried Eggs",
                "image": "image"
            },
            "Hard Boiled Eggs": {
                "name": "Hard Boiled Eggs",
                "image": "image"
            },
            "Overboiled Eggs": {
                "name": "Overboiled Eggs",
                "image": "image"
            },
            "Black Caviar": {
                "name": "Black Caviar",
                "image": "image"
            },
            "Red Caviar": {
                "name": "Red Caviar",
                "image": "image"
            },
            "Green Onion": {
                "name": "Green Onion",
                "image": "image"
            },
            "Onion": {
                "name": "Onion",
                "image": "image"
            },
            "Red Onion": {
                "name": "Red Onion",
                "image": "image"
            },
            "Purple Onion": {
                "name": "Purple Onion",
                "image": "image"
            },
            "Peas": {
                "name": "Peas",
                "image": "image"
            },
            "Pepperoni": {
                "name": "Pepperoni",
                "image": "image"
            },
            "Green Pepperoni": {
                "name": "Green Pepperoni",
                "image": "image"
            },
            "Tuna": {
                "name": "Tuna",
                "image": "image"
            },
            "Olives": {
                "name": "Olives",
                "image": "image"
            },
            "Black Olives": {
                "name": "Black Olives",
                "image": "image"
            },
            "Capers": {
                "name": "Capers",
                "image": "image"
            },
            "Salami": {
                "name": "Salami",
                "image": "image"
            },
            "Tomatoes": {
                "name": "Tomatoes",
                "image": "image"
            },
            "Cherry Tomatoes": {
                "name": "Cherry Tomatoes",
                "image": "image"
            },
            "Kimchi": {
                "name": "Kimchi",
                "image": "image"
            },
            "Mochi": {
                "name": "Mochi",
                "image": "image"
            },
            "Rice": {
                "name": "Rice",
                "image": "image"
            },
            "Sesame Seeds": {
                "name": "Sesame Seeds",
                "image": "image"
            },
            "Black Sesame Seeds": {
                "name": "Black Sesame Seeds",
                "image": "image"
            },
            "Natto": {
                "name": "Natto",
                "image": "image"
            },
            "Nori": {
                "name": "Nori",
                "image": "image"
            },
            "Arugula": {
                "name": "Arugula",
                "image": "image"
            },
            "Artichoke": {
                "name": "Artichoke",
                "image": "image"
            },
            "Ham": {
                "name": "Ham",
                "image": "image"
            },
            "Heavy Cream": {
                "name": "Heavy Cream",
                "image": "image"
            },
            "Pineapple Cream": {
                "name": "Pineapple Cream",
                "image": "image"
            },
            "Sour Cream": {
                "name": "Sour Cream",
                "image": "image"
            },
            "Pepper Cream": {
                "name": "Pepper Cream",
                "image": "image"
            },
            "Truffle Cream": {
                "name": "Truffle Cream",
                "image": "image"
            },
            "Beef Carpaccio": {
                "name": "Beef Carpaccio",
                "image": "image"
            },
            "Eggplant": {
                "name": "Eggplant",
                "image": "image"
            },
            "Parsley": {
                "name": "Parsley",
                "image": "image"
            },
            "Mussels": {
                "name": "Mussels",
                "image": "image"
            },
            "Tiger Prawns": {
                "name": "Tiger Prawns",
                "image": "image"
            },
            "Shrimp": {
                "name": "Shrimp",
                "image": "image"
            },
            "Frutti di Mare": {
                "name": "Frutti di Mare",
                "image": "image"
            },
            "Champignons": {
                "name": "Champignons",
                "image": "image"
            },
            "Bacon": {
                "name": "Bacon",
                "image": "image"
            },
            "Prosciutto": {
                "name": "Prosciutto",
                "image": "image"
            },
            "Oyster": {
                "name": "Oyster",
                "image": "image"
            },
            "Salsiccia": {
                "name": "Salsiccia",
                "image": "image"
            },
            "Trevisano Radicchio": {
                "name": "Trevisano Radicchio",
                "image": "image"
            },
            "Spinach": {
                "name": "Spinach",
                "image": "image"
            },
            "Truffle": {
                "name": "Truffle",
                "image": "image"
            },
            "Bell Pepper": {
                "name": "Bell Pepper",
                "image": "image"
            },
            "German Sausage": {
                "name": "German Sausage",
                "image": "image"
            },
            "Veal Schnitzel": {
                "name": "Veal Schnitzel",
                "image": "image"
            },
            "Anchovy Fillets": {
                "name": "Anchovy Fillets",
                "image": "image"
            },
            "Pecorino Romano": {
                "name": "Pecorino Romano",
                "image": "image"
            },
            "Tiny Eggs": {
                "name": "Tiny Eggs",
                "image": "image"
            },
            "Kit Kat": {
                "name": "Kit Kat",
                "image": "image"
            },
            "Hokkaido Slices": {
                "name": "Hokkaido Slices",
                "image": "image"
            },
            "Seaweed": {
                "name": "Seaweed",
                "image": "image"
            },
            "Eel": {
                "name": "Eel",
                "image": "image"
            },
            "Leek": {
                "name": "Leek",
                "image": "image"
            },
            "Marshmallow": {
                "name": "Marshmallow",
                "image": "image"
            },
            "Potato": {
                "name": "Potato",
                "image": "image"
            },
            "Wonton Wrappers": {
                "name": "Wonton Wrappers",
                "image": "image"
            },
            "Chicken": {
                "name": "Chicken",
                "image": "image"
            },
            "Chicken Breast Cutlets": {
                "name": "Chicken Breast Cutlets",
                "image": "image"
            },
            "Cauliflower": {
                "name": "Cauliflower",
                "image": "image"
            },
            "Ground Beef": {
                "name": "Ground Beef",
                "image": "image"
            },
            "Lettuce": {
                "name": "Lettuce",
                "image": "image"
            },
            "Pickles": {
                "name": "Pickles",
                "image": "image"
            },
            "Habanero Pepper": {
                "name": "Habanero Pepper",
                "image": "image"
            },
            "Pineapple": {
                "name": "Pineapple",
                "image": "image"
            },
            "Meatballs": {
                "name": "Meatballs",
                "image": "image"
            },
            "Beans": {
                "name": "Beans",
                "image": "image"
            },
            "Black Beans": {
                "name": "Black Beans",
                "image": "image"
            },
            "Dill": {
                "name": "Dill",
                "image": "image"
            },
            "Lime": {
                "name": "Lime",
                "image": "image"
            },
            "Lemon": {
                "name": "Lemon",
                "image": "image"
            },
            "Mango": {
                "name": "Mango",
                "image": "image"
            },
            "Lime Juice": {
                "name": "Lime Juice",
                "image": "image"
            },
            "Lemon Juice": {
                "name": "Lemon Juice",
                "image": "image"
            }
        },
        "condiments": {
            "Ketchup": {
                "name": "Ketchup",
                "image": "image"
            },
            "Thousand Island Sauce": {
                "name": "Thousand Island Sauce",
                "image": "image"
            },
            "Fig Jam": {
                "name": "Fig Jam",
                "image": "image"
            },
            "BBQ Sauce": {
                "name": "BBQ Sauce",
                "image": "image"
            },
            "Sriracha": {
                "name": "Sriracha",
                "image": "image"
            },
            "Mayonnaise": {
                "name": "Mayonnaise",
                "image": "image"
            },
            "Garlic Sauce": {
                "name": "Garlic Sauce",
                "image": "image"
            },
            "Greek Yoghurt": {
                "name": "Greek Yoghurt",
                "image": "image"
            }
        }
    }
}