{
    "Icecrystal Null": {
        "name": "Icecrystal Null",
        "mainElement": "ice",
        "weaponclass": [
            "staff",
            "books"
        ],
        "armorclass": "none",
        "weapons": {},
        "armors": {},
        "curweapon": {
            "name": "Showstarter",
            "class": "staff",
            "cost": 3000,
            "element": "fire",
            "desc": "Cyan and yellow glasses.\nWearing those gives a strange sense of dread and comfort combined.",
            "originalAuthor": "547427816468381717",
            "skill": "SnapFingers",
            "melee": 20,
            "atk": 12,
            "mag": 16
        },
        "curarmor": {},
        "owner": "547427816468381717",
        "level": 1,
        "hp": 30,
        "mp": 35,
        "maxhp": 30,
        "maxmp": 35,
        "basehp": 30,
        "basemp": 35,
        "mpMeter": [
            "Magic Points",
            "MP"
        ],
        "melee": {
            "name": "Strike Attack",
            "type": "strike",
            "pow": 30,
            "acc": 95,
            "crit": 15
        },
        "stats": {
            "atk": 8,
            "mag": 9,
            "prc": 5,
            "end": 4,
            "chr": 5,
            "int": 8,
            "agl": 2,
            "luk": 4
        },
        "basestats": {
            "baseatk": 8,
            "basemag": 9,
            "baseprc": 5,
            "baseend": 4,
            "basechr": 5,
            "baseint": 8,
            "baseagl": 2,
            "baseluk": 4
        },
        "lb": 0,
        "xp": 0,
        "maxxp": 500,
        "affinities": {
            "superweak": [],
            "weak": [],
            "resist": [],
            "block": [],
            "repel": [],
            "drain": []
        },
        "skills": [],
        "autolearn": [],
        "quotes": {
            "meleequote": [],
            "physquote": [],
            "magquote": [],
            "allyatkquote": [],
            "lbquote": [],
            "tcquote": [],
            "strongquote": [],
            "badatkquote": [],
            "landedquote": [],
            "missquote": [],
            "superweakquote": [],
            "weakquote": [],
            "hurtquote": [],
            "resistquote": [],
            "blockquote": [],
            "repelquote": [],
            "drainquote": [],
            "dodgequote": [],
            "deathquote": [],
            "killquote": [],
            "pacifyquote": [],
            "allydeathquote": [],
            "healquote": [],
            "helpedquote": [],
            "consolequote": [],
            "imfinequote": [],
            "lvlquote": []
        },
        "bio": {
            "fullname": "",
            "nickname": "",
            "species": "",
            "gender": "other",
            "height": [
                4,
                0
            ],
            "weight": 0,
            "age": 10,
            "info": "",
            "backstory": "",
            "likes": "",
            "dislikes": "",
            "fears": "",
            "voice": "",
            "theme": "",
            "custom": {}
        },
        "trust": {}
    },
    "Fearr": {
        "name": "Fearr",
        "mainElement": "metal",
        "weaponclass": "none",
        "armorclass": "none",
        "weapons": {},
        "armors": {},
        "curweapon": {},
        "curarmor": {},
        "owner": "547427816468381717",
        "level": 1,
        "hp": 1,
        "mp": 40,
        "maxhp": 1,
        "maxmp": 40,
        "basehp": 1,
        "basemp": 40,
        "mpMeter": [
            "Magic Points",
            "MP"
        ],
        "melee": {
            "name": "Strike Attack",
            "type": "strike",
            "pow": 30,
            "acc": 95,
            "crit": 15
        },
        "stats": {
            "atk": 1,
            "mag": 10,
            "prc": 5,
            "end": 1,
            "chr": 7,
            "int": 10,
            "agl": 5,
            "luk": 6
        },
        "basestats": {
            "baseatk": 1,
            "basemag": 10,
            "baseprc": 5,
            "baseend": 1,
            "basechr": 7,
            "baseint": 10,
            "baseagl": 5,
            "baseluk": 6
        },
        "lb": 0,
        "xp": 0,
        "maxxp": 500,
        "affinities": {
            "superweak": [],
            "weak": [],
            "resist": [],
            "block": [],
            "repel": [],
            "drain": []
        },
        "skills": [],
        "autolearn": [],
        "quotes": {
            "meleequote": [],
            "physquote": [],
            "magquote": [],
            "allyatkquote": [],
            "lbquote": [],
            "tcquote": [],
            "strongquote": [],
            "badatkquote": [],
            "landedquote": [],
            "missquote": [],
            "superweakquote": [],
            "weakquote": [],
            "hurtquote": [],
            "resistquote": [],
            "blockquote": [],
            "repelquote": [],
            "drainquote": [],
            "dodgequote": [],
            "deathquote": [],
            "killquote": [],
            "pacifyquote": [],
            "allydeathquote": [],
            "healquote": [],
            "helpedquote": [],
            "consolequote": [],
            "imfinequote": [],
            "lvlquote": []
        },
        "bio": {
            "fullname": "",
            "nickname": "",
            "species": "",
            "gender": "other",
            "height": [
                4,
                0
            ],
            "weight": 0,
            "age": 10,
            "info": "",
            "backstory": "",
            "likes": "",
            "dislikes": "",
            "fears": "",
            "voice": "",
            "theme": "",
            "custom": {}
        },
        "trust": {}
    },
    "CrystalIncineroar": {
        "name": "CrystalIncineroar",
        "mainElement": "slash",
        "weaponclass": "none",
        "armorclass": "none",
        "weapons": {},
        "armors": {},
        "curweapon": {},
        "curarmor": {},
        "owner": "547427816468381717",
        "level": 34,
        "hp": 259,
        "mp": 251,
        "maxhp": 259,
        "maxmp": 251,
        "basehp": 45,
        "basemp": 20,
        "mpMeter": [
            "Magic Points",
            "MP"
        ],
        "melee": {
            "name": "Strike Attack",
            "type": "strike",
            "pow": 30,
            "acc": 95,
            "crit": 15
        },
        "stats": {
            "atk": 24,
            "mag": 40,
            "prc": 22,
            "end": 21,
            "chr": 40,
            "int": 43,
            "agl": 13,
            "luk": 14
        },
        "basestats": {
            "baseatk": 7,
            "basemag": 7,
            "baseprc": 5,
            "baseend": 4,
            "basechr": 7,
            "baseint": 10,
            "baseagl": 2,
            "baseluk": 3
        },
        "lb": 0,
        "xp": 0,
        "maxxp": 56144,
        "affinities": {
            "superweak": [],
            "weak": [],
            "resist": [],
            "block": [],
            "repel": [],
            "drain": []
        },
        "skills": [],
        "autolearn": [],
        "quotes": {
            "meleequote": [],
            "physquote": [],
            "magquote": [],
            "allyatkquote": [],
            "lbquote": [],
            "tcquote": [],
            "strongquote": [],
            "badatkquote": [],
            "landedquote": [],
            "missquote": [],
            "superweakquote": [],
            "weakquote": [],
            "hurtquote": [],
            "resistquote": [],
            "blockquote": [],
            "repelquote": [],
            "drainquote": [],
            "dodgequote": [],
            "deathquote": [],
            "killquote": [],
            "pacifyquote": [],
            "allydeathquote": [],
            "healquote": [],
            "helpedquote": [],
            "consolequote": [],
            "imfinequote": [],
            "lvlquote": []
        },
        "bio": {
            "fullname": "",
            "nickname": "",
            "species": "",
            "gender": "other",
            "height": [
                4,
                0
            ],
            "weight": 0,
            "age": 10,
            "info": "",
            "backstory": "",
            "likes": "",
            "dislikes": "",
            "fears": "",
            "voice": "",
            "theme": "",
            "custom": {}
        },
        "trust": {}
    },
    "Lavender Paintclaw": {
        "name": "Lavender Paintclaw",
        "mainElement": "electric",
        "weaponclass": "staff",
        "armorclass": "none",
        "weapons": {},
        "armors": {},
        "curweapon": {
            "name": "Paintbrush",
            "class": "staff",
            "cost": 200,
            "element": "strike",
            "originalAuthor": "547427816468381717",
            "atk": 2,
            "mag": 5
        },
        "curarmor": {},
        "owner": "547427816468381717",
        "level": 20,
        "hp": 86,
        "mp": 201,
        "maxhp": 86,
        "maxmp": 201,
        "basehp": 20,
        "basemp": 40,
        "mpMeter": [
            "Magic Points",
            "MP"
        ],
        "melee": {
            "name": "Strike Attack",
            "type": "strike",
            "pow": 30,
            "acc": 95,
            "crit": 15
        },
        "stats": {
            "atk": 16,
            "mag": 27,
            "prc": 15,
            "end": 9,
            "chr": 26,
            "int": 28,
            "agl": 14,
            "luk": 9
        },
        "basestats": {
            "baseatk": 6,
            "basemag": 8,
            "baseprc": 5,
            "baseend": 3,
            "basechr": 7,
            "baseint": 9,
            "baseagl": 4,
            "baseluk": 3
        },
        "lb": 0,
        "xp": 0,
        "maxxp": 7572,
        "affinities": {
            "superweak": [],
            "weak": [],
            "resist": [],
            "block": [],
            "repel": [],
            "drain": []
        },
        "skills": [
            "Thunder",
            "Discharge",
            "ThunderFang",
            "Jumpscare"
        ],
        "autolearn": [],
        "quotes": {
            "meleequote": [],
            "physquote": [],
            "magquote": [],
            "allyatkquote": [],
            "lbquote": [],
            "tcquote": [],
            "strongquote": [],
            "badatkquote": [],
            "landedquote": [],
            "missquote": [],
            "superweakquote": [],
            "weakquote": [],
            "hurtquote": [],
            "resistquote": [],
            "blockquote": [],
            "repelquote": [],
            "drainquote": [],
            "dodgequote": [],
            "deathquote": [],
            "killquote": [],
            "pacifyquote": [],
            "allydeathquote": [],
            "healquote": [],
            "helpedquote": [],
            "consolequote": [],
            "imfinequote": [],
            "lvlquote": []
        },
        "bio": {
            "fullname": "",
            "nickname": "",
            "species": "",
            "gender": "other",
            "height": [
                4,
                0
            ],
            "weight": 0,
            "age": 10,
            "info": "",
            "backstory": "",
            "likes": "",
            "dislikes": "",
            "fears": "",
            "voice": "",
            "theme": "",
            "custom": {}
        },
        "trust": {}
    },
    "Blueflare The Incineroar": {
        "name": "Blueflare The Incineroar",
        "mainElement": "fire",
        "weaponclass": "none",
        "armorclass": "none",
        "weapons": {},
        "armors": {},
        "curweapon": {},
        "curarmor": {},
        "owner": "547427816468381717",
        "level": 34,
        "hp": 292,
        "mp": 251,
        "maxhp": 292,
        "maxmp": 251,
        "basehp": 45,
        "basemp": 20,
        "mpMeter": [
            "Magic Points",
            "MP"
        ],
        "melee": {
            "name": "Strike Attack",
            "type": "strike",
            "pow": 30,
            "acc": 95,
            "crit": 15
        },
        "stats": {
            "atk": 43,
            "mag": 40,
            "prc": 22,
            "end": 23,
            "chr": 22,
            "int": 43,
            "agl": 12,
            "luk": 13
        },
        "basestats": {
            "baseatk": 10,
            "basemag": 7,
            "baseprc": 5,
            "baseend": 6,
            "basechr": 5,
            "baseint": 10,
            "baseagl": 1,
            "baseluk": 2
        },
        "lb": 0,
        "xp": 0,
        "maxxp": 56144,
        "affinities": {
            "superweak": [],
            "weak": [],
            "resist": [],
            "block": [],
            "repel": [],
            "drain": []
        },
        "skills": [],
        "autolearn": [],
        "quotes": {
            "meleequote": [],
            "physquote": [],
            "magquote": [],
            "allyatkquote": [],
            "lbquote": [],
            "tcquote": [],
            "strongquote": [],
            "badatkquote": [],
            "landedquote": [],
            "missquote": [],
            "superweakquote": [],
            "weakquote": [],
            "hurtquote": [],
            "resistquote": [],
            "blockquote": [],
            "repelquote": [],
            "drainquote": [],
            "dodgequote": [],
            "deathquote": [],
            "killquote": [],
            "pacifyquote": [],
            "allydeathquote": [],
            "healquote": [],
            "helpedquote": [],
            "consolequote": [],
            "imfinequote": [],
            "lvlquote": []
        },
        "bio": {
            "fullname": "",
            "nickname": "",
            "species": "",
            "gender": "other",
            "height": [
                4,
                0
            ],
            "weight": 0,
            "age": 10,
            "info": "",
            "backstory": "",
            "likes": "",
            "dislikes": "",
            "fears": "",
            "voice": "",
            "theme": "",
            "custom": {}
        },
        "trust": {}
    },
    "Neon Paintclaw": {
        "name": "Neon Paintclaw",
        "mainElement": "heal",
        "weaponclass": [
            "staff",
            "books"
        ],
        "armorclass": "none",
        "weapons": {},
        "armors": {},
        "curweapon": {
            "name": "Paintbrush",
            "class": "staff",
            "cost": 200,
            "element": "strike",
            "originalAuthor": "547427816468381717",
            "atk": 2,
            "mag": 5
        },
        "curarmor": {},
        "owner": "547427816468381717",
        "level": 38,
        "hp": 215,
        "mp": 312,
        "maxhp": 215,
        "maxmp": 312,
        "basehp": 30,
        "basemp": 35,
        "mpMeter": [
            "Magic Points",
            "MP"
        ],
        "melee": {
            "name": "Strike Attack",
            "type": "strike",
            "pow": 30,
            "acc": 95,
            "crit": 15
        },
        "stats": {
            "atk": 44,
            "mag": 44,
            "prc": 24,
            "end": 16,
            "chr": 25,
            "int": 45,
            "agl": 16,
            "luk": 23
        },
        "basestats": {
            "baseatk": 7,
            "basemag": 7,
            "baseprc": 5,
            "baseend": 4,
            "basechr": 6,
            "baseint": 8,
            "baseagl": 4,
            "baseluk": 4
        },
        "lb": 0,
        "xp": 0,
        "maxxp": 99517,
        "affinities": {
            "superweak": [],
            "weak": [],
            "resist": [],
            "block": [],
            "repel": [],
            "drain": []
        },
        "skills": [
            "Lifeup-Gamma",
            "Lunch",
            "OffenseUp-Alpha"
        ],
        "autolearn": [],
        "quotes": {
            "meleequote": [],
            "physquote": [],
            "magquote": [],
            "allyatkquote": [],
            "lbquote": [],
            "tcquote": [],
            "strongquote": [],
            "badatkquote": [],
            "landedquote": [],
            "missquote": [],
            "superweakquote": [],
            "weakquote": [],
            "hurtquote": [],
            "resistquote": [],
            "blockquote": [],
            "repelquote": [],
            "drainquote": [],
            "dodgequote": [],
            "deathquote": [],
            "killquote": [],
            "pacifyquote": [],
            "allydeathquote": [],
            "healquote": [],
            "helpedquote": [],
            "consolequote": [],
            "imfinequote": [],
            "lvlquote": []
        },
        "bio": {
            "fullname": "",
            "nickname": "",
            "species": "",
            "gender": "other",
            "height": [
                4,
                0
            ],
            "weight": 0,
            "age": 10,
            "info": "",
            "backstory": "",
            "likes": "",
            "dislikes": "",
            "fears": "",
            "voice": "",
            "theme": "",
            "custom": {}
        },
        "trust": {}
    },
    "Crystal Null": {
        "name": "Crystal Null",
        "mainElement": "ice",
        "weaponclass": "none",
        "armorclass": "none",
        "weapons": {},
        "armors": {},
        "curweapon": {},
        "curarmor": {},
        "owner": "547427816468381717",
        "level": 34,
        "hp": 183,
        "mp": 294,
        "maxhp": 183,
        "maxmp": 294,
        "basehp": 35,
        "basemp": 30,
        "mpMeter": [
            "Magic Points",
            "MP"
        ],
        "melee": {
            "name": "Strike Attack",
            "type": "strike",
            "pow": 30,
            "acc": 95,
            "crit": 15
        },
        "stats": {
            "atk": 40,
            "mag": 40,
            "prc": 22,
            "end": 13,
            "chr": 15,
            "int": 43,
            "agl": 21,
            "luk": 23
        },
        "basestats": {
            "baseatk": 7,
            "basemag": 7,
            "baseprc": 5,
            "baseend": 2,
            "basechr": 4,
            "baseint": 10,
            "baseagl": 4,
            "baseluk": 6
        },
        "lb": 0,
        "xp": 0,
        "maxxp": 56144,
        "affinities": {
            "superweak": [],
            "weak": [],
            "resist": [],
            "block": [],
            "repel": [],
            "drain": []
        },
        "skills": [],
        "autolearn": [],
        "quotes": {
            "meleequote": [],
            "physquote": [],
            "magquote": [],
            "allyatkquote": [],
            "lbquote": [],
            "tcquote": [],
            "strongquote": [],
            "badatkquote": [],
            "landedquote": [],
            "missquote": [],
            "superweakquote": [],
            "weakquote": [],
            "hurtquote": [],
            "resistquote": [],
            "blockquote": [],
            "repelquote": [],
            "drainquote": [],
            "dodgequote": [],
            "deathquote": [],
            "killquote": [],
            "pacifyquote": [],
            "allydeathquote": [],
            "healquote": [],
            "helpedquote": [],
            "consolequote": [],
            "imfinequote": [],
            "lvlquote": []
        },
        "bio": {
            "fullname": "",
            "nickname": "",
            "species": "",
            "gender": "other",
            "height": [
                4,
                0
            ],
            "weight": 0,
            "age": 10,
            "info": "",
            "backstory": "",
            "likes": "",
            "dislikes": "",
            "fears": "",
            "voice": "",
            "theme": "",
            "custom": {}
        },
        "trust": {}
    }
}