{
    "Crystal The Liepard": {
        "name": "Crystal The Liepard",
        "mainElement": "ice",
        "weaponclass": "none",
        "armorclass": "none",
        "weapons": {},
        "armors": {},
        "curweapon": {},
        "curarmor": {},
        "owner": "547427816468381717",
        "level": 36,
        "hp": 130,
        "mp": 337,
        "maxhp": 130,
        "maxmp": 337,
        "basehp": 25,
        "basemp": 40,
        "mpMeter": [
            "Magic Points",
            "MP"
        ],
        "melee": {
            "name": "Strike Attack",
            "type": "strike",
            "pow": 30,
            "acc": 95,
            "crit": 15
        },
        "stats": {
            "atk": 23,
            "mag": 45,
            "prc": 23,
            "end": 13,
            "chr": 24,
            "int": 44,
            "agl": 43,
            "luk": 13
        },
        "basestats": {
            "baseatk": 5,
            "basemag": 10,
            "baseprc": 5,
            "baseend": 1,
            "basechr": 6,
            "baseint": 9,
            "baseagl": 8,
            "baseluk": 1
        },
        "lb": 0,
        "xp": 0,
        "maxxp": 74748,
        "affinities": {
            "superweak": [],
            "weak": [],
            "resist": [],
            "block": [],
            "repel": [],
            "drain": []
        },
        "skills": [],
        "autolearn": [],
        "quotes": {
            "meleequote": [],
            "physquote": [],
            "magquote": [],
            "allyatkquote": [],
            "lbquote": [],
            "tcquote": [],
            "strongquote": [],
            "badatkquote": [],
            "landedquote": [],
            "missquote": [],
            "superweakquote": [],
            "weakquote": [],
            "hurtquote": [],
            "resistquote": [],
            "blockquote": [],
            "repelquote": [],
            "drainquote": [],
            "dodgequote": [],
            "deathquote": [],
            "killquote": [],
            "pacifyquote": [],
            "allydeathquote": [],
            "healquote": [],
            "helpedquote": [],
            "consolequote": [],
            "imfinequote": [],
            "lvlquote": []
        },
        "bio": {
            "fullname": "",
            "nickname": "",
            "species": "",
            "gender": "other",
            "height": [
                4,
                0
            ],
            "weight": 0,
            "age": 10,
            "info": "",
            "backstory": "",
            "likes": "",
            "dislikes": "",
            "fears": "",
            "voice": "",
            "theme": "",
            "custom": {}
        },
        "trust": {}
    },
    "Permic": {
        "name": "Permic",
        "owner": "544290248734015488",
        "level": 72,
        "hp": 278,
        "mp": 461,
        "maxhp": 278,
        "maxmp": 461,
        "basehp": 30,
        "basemp": 35,
        "melee": {
            "name": "DivePress",
            "type": "strike",
            "pow": 30,
            "acc": 95,
            "crit": 15
        },
        "xp": 812578,
        "maxxp": 12910067,
        "skills": [
            "Agidyne",
            "FireFang",
            "FlarePunch",
            "Maragion",
            "MegaKick",
            "GiganticFist",
            "Matarukaja",
            "Mamakakaja"
        ],
        "deathquote": [
            "No...",
            "...I somewhat knew this would happen..."
        ],
        "bio": {
            "info": "Permic is a dragon that was previously a lizard because of an experiment. He's mostly rude and stubborn, but can be nice at times. He has dark red scales, grey fingerless gloves, and pink shoes.",
            "backstory": "Permic used to be a lizard, rather than a dragon, for 13 years. Then, just after his 14th birthday, he wandered off to a strange lab. He was dosed with some suspicious medicine, but didn't feel anything, so he went to bed. The next morning, however, he felt different. He had horns on his head and he had gained the ability to breathe fire (He always had the pyrokinesis abilities since he was a lizard dw about that). He had been turned into a dragon. His first reaction was to find a way to get back into his older form, but he hasn't been able to do so. He has gotten used to this new form, however he does still look for ways to get back to his older form.",
            "voice": "Satan - Puyo Puyo (Japanese)",
            "theme": "",
            "species": "Dragon (previously a lizard)",
            "age": 10,
            "likes": "Training, Hot areas, Messing around with others",
            "dislikes": "Those who go mad with power.",
            "fears": "Fairies... for some reason...",
            "height": [
                4,
                0
            ],
            "weight": 0,
            "gender": "male",
            "custom": {}
        },
        "strikequote": [
            "Found a weak spot."
        ],
        "critquote": [
            "Got a weak spot.",
            "Heh."
        ],
        "trust": {
            "Croato": {
                "value": 220,
                "nextLevel": 300,
                "level": 5
            },
            "Sparky": {
                "value": 0,
                "nextLevel": 300,
                "level": 5
            },
            "Sky": {
                "value": 75,
                "nextLevel": 140,
                "level": 3
            },
            "Valoria": {
                "value": 155,
                "nextLevel": 160,
                "level": 4
            },
            "Rattle": {
                "value": 115,
                "nextLevel": 160,
                "level": 4
            },
            "Brainfreeze": {
                "value": 55,
                "nextLevel": 100,
                "level": 1
            },
            "Rainbow": {
                "value": 45,
                "nextLevel": 100,
                "level": 1
            },
            "Karma": {
                "value": 30,
                "nextLevel": 100,
                "level": 1
            },
            "Euphorica": {
                "value": 55,
                "nextLevel": 120,
                "level": 2
            },
            "John": {
                "value": 25,
                "nextLevel": 100,
                "level": 1
            },
            "Miles": {
                "value": 25,
                "nextLevel": 100,
                "level": 1
            },
            "Sutela": {
                "value": 20,
                "nextLevel": 100,
                "level": 1
            },
            "Harcvuk": {
                "value": 25,
                "nextLevel": 100,
                "level": 1
            },
            "Patella": {
                "value": -50,
                "nextLevel": 100,
                "level": 1,
                "dislike": -40
            },
            "Flara": {
                "value": 40,
                "nextLevel": 100,
                "level": 1
            },
            "Ramia": {
                "value": 50,
                "nextLevel": 120,
                "level": 2
            },
            "Melarue": {
                "value": 60,
                "nextLevel": 120,
                "level": 2
            },
            "Axel": {
                "value": 20,
                "nextLevel": 120,
                "level": 2
            },
            "Sun": {
                "value": 20,
                "nextLevel": 120,
                "level": 2
            },
            "Lena": {
                "value": 30,
                "nextLevel": 100,
                "level": 1
            },
            "Lanagu": {
                "value": 30,
                "nextLevel": 100,
                "level": 1
            },
            "Bow": {
                "value": 20,
                "nextLevel": 120,
                "level": 2
            },
            "Dusk": {
                "value": 20,
                "nextLevel": 120,
                "level": 2
            },
            "SAUM-052": {
                "value": 20,
                "nextLevel": 120,
                "level": 2
            },
            "Bayrero": {
                "value": 60,
                "nextLevel": 160,
                "level": 4
            },
            "Pank": {
                "value": 20,
                "nextLevel": 180,
                "level": 5
            },
            "Nazier": {
                "value": 50,
                "nextLevel": 140,
                "level": 3
            },
            "Sky(B)": {
                "value": 80,
                "nextLevel": 140,
                "level": 3
            },
            "Taletan": {
                "value": 50,
                "nextLevel": 120,
                "level": 2
            }
        },
        "weapon": {},
        "lb4": {
            "name": "EternalBurning",
            "class": "atk",
            "pow": 800,
            "cost": 250,
            "status": "burn",
            "statuschance": 50
        },
        "charms": [
            "StalwartShell"
        ],
        "curCharms": [
            "StalwartShell"
        ],
        "mainElement": "fire",
        "mpMeter": [
            "FlamingEnergy",
            "🔥"
        ],
        "armor": {},
        "nickname": "Permy",
        "stats": {
            "atk": 81,
            "mag": 81,
            "prc": 42,
            "end": 25,
            "chr": 26,
            "int": 41,
            "agl": 78,
            "luk": 40
        },
        "basestats": {
            "baseatk": 10,
            "basemag": 10,
            "baseprc": 6,
            "baseend": 1,
            "basechr": 2,
            "baseint": 5,
            "baseagl": 7,
            "baseluk": 4
        },
        "affinities": {
            "weak": [
                "water"
            ],
            "resist": [
                "grass",
                "fire"
            ],
            "block": [],
            "repel": [],
            "drain": []
        },
        "autolearn": {
            "true": true
        },
        "quotes": {
            "meleequote": [
                "Here I go."
            ],
            "physquote": [
                "Take this!",
                "Outta the way!"
            ],
            "magquote": [
                "It's time for me to spice things up a little.",
                "I ABSO- No, I'm not saying that."
            ],
            "allyatkquote": [
                "I shall be of your assistance.",
                "Let's go."
            ],
            "lbquote": [
                "You're finished!"
            ],
            "strongquote": [
                "Huh. That's pretty good.",
                "Not bad. Not bad at all."
            ],
            "missquote": [
                "...I need to pull myself together...",
                "Damn it..."
            ],
            "weakquote": [],
            "hurtquote": [],
            "resistquote": [],
            "blockquote": [
                "Denied.",
                "Try someone else."
            ],
            "repelquote": [
                "Nope.",
                "Try again."
            ],
            "drainquote": [
                "What are you doing?",
                "...Please tell me that's not all you have."
            ],
            "dodgequote": [
                "It seems.",
                "...You're okay, right...?"
            ],
            "killquote": [
                "Hmph. Cocky bastard.",
                "That settles that."
            ],
            "allydeathquote": [
                "%ALLY%, I will avenge you.",
                "You... You'll pay for that, %ENEMY%."
            ],
            "healquote": [
                "This should help.",
                "You gotta be more cautious..."
            ],
            "helpedquote": [
                "Not bad. Not bad at all.",
                "Thanks. I needed that."
            ],
            "consolequote": [
                "You don't seem too sharp, %ALLY%.",
                "You look like you need some healing soon..."
            ],
            "imfinequote": [
                "I'll try my best to persevere.",
                "I appreciate your kindness greatly, %ALLY%."
            ],
            "lvlquote": [
                "Heh. Not bad.",
                "No problem. Now let's keep going."
            ]
        },
        "leaderskill": {
            "name": "FlamingPride",
            "type": "status",
            "var1": "burn",
            "var2": 10
        },
        "lb": {
            "1": {
                "name": "Hellfire",
                "class": "atk",
                "pow": 200,
                "cost": 100,
                "status": "burn",
                "statuschance": 10
            },
            "2": {
                "name": "LavaPlunge",
                "class": "atk",
                "pow": 400,
                "cost": 150,
                "status": "none",
                "statuschance": 0
            },
            "3": {
                "name": "FlamingDestiny",
                "class": "atk",
                "pow": 600,
                "cost": 200,
                "status": "burn",
                "statuschance": 30
            }
        }
    },
    "Timberly": {
        "name": "Timberly",
        "mainElement": "metal",
        "weaponclass": [
            "bludgeon",
            "staff"
        ],
        "armorclass": "none",
        "weapons": {},
        "armors": {},
        "curweapon": {},
        "curarmor": {},
        "owner": "547427816468381717",
        "level": 34,
        "hp": 271,
        "mp": 239,
        "maxhp": 271,
        "maxmp": 239,
        "basehp": 40,
        "basemp": 25,
        "mpMeter": [
            "Magic Points",
            "MP"
        ],
        "melee": {
            "name": "Strike Attack",
            "type": "strike",
            "pow": 30,
            "acc": 95,
            "crit": 15
        },
        "stats": {
            "atk": 43,
            "mag": 40,
            "prc": 22,
            "end": 23,
            "chr": 22,
            "int": 41,
            "agl": 13,
            "luk": 14
        },
        "basestats": {
            "baseatk": 10,
            "basemag": 7,
            "baseprc": 5,
            "baseend": 6,
            "basechr": 5,
            "baseint": 8,
            "baseagl": 2,
            "baseluk": 3
        },
        "lb": 0,
        "xp": 0,
        "maxxp": 56144,
        "affinities": {
            "superweak": [],
            "weak": [],
            "resist": [],
            "block": [],
            "repel": [],
            "drain": []
        },
        "skills": [
            "[F1]"
        ],
        "autolearn": [],
        "quotes": {
            "meleequote": [],
            "physquote": [],
            "magquote": [],
            "allyatkquote": [],
            "lbquote": [],
            "tcquote": [],
            "strongquote": [],
            "badatkquote": [],
            "landedquote": [],
            "missquote": [],
            "superweakquote": [],
            "weakquote": [],
            "hurtquote": [],
            "resistquote": [],
            "blockquote": [],
            "repelquote": [],
            "drainquote": [],
            "dodgequote": [],
            "deathquote": [],
            "killquote": [],
            "pacifyquote": [],
            "allydeathquote": [],
            "healquote": [],
            "helpedquote": [],
            "consolequote": [],
            "imfinequote": [],
            "lvlquote": []
        },
        "bio": {
            "fullname": "",
            "nickname": "",
            "species": "",
            "gender": "other",
            "height": [
                4,
                0
            ],
            "weight": 0,
            "age": 10,
            "info": "",
            "backstory": "",
            "likes": "",
            "dislikes": "",
            "fears": "",
            "voice": "",
            "theme": "",
            "custom": {}
        },
        "trust": {}
    },
    "Harcvuk": {
        "name": "Harcvuk",
        "owner": "798092550392381450",
        "level": 53,
        "hp": 404,
        "mp": 223,
        "maxhp": 404,
        "maxmp": 223,
        "basehp": 40,
        "basemp": 15,
        "melee": {
            "name": "Strike Attack",
            "type": "strike",
            "pow": 30,
            "acc": 95,
            "crit": 15
        },
        "xp": 54762,
        "maxxp": 851369,
        "skills": [
            "GiganticFist",
            "DedicationStrike",
            "Psiodyne",
            "BladeBlast",
            "Pun",
            "Sukukaja"
        ],
        "critquote": [
            "HAH HAH HAH! NOW THAT WAS A GOOD ONE!",
            "[ungodly scream]",
            "BOOM! GOTCHA BITCH",
            "HAH! GET **FUCKED!** .....wait-",
            "OHO, NOW THAT'S ALOT OF DAMAGE!",
            "AND THAT'S WHAT TRUE POWER LOOKS LIKE",
            "Hey, you don't look so good after that move.. **Looks like I did my job well.**",
            "HAHAHAHAHAHAHAHAHAHAHAHAHAH"
        ],
        "deathquote": [
            "**fucking hell**",
            "OW! you killed me.",
            "AAAAaaaaa......",
            "[death groan]",
            "XOYXAOFAOUDYOCALDYAODAYICKYACITCTICYOWD",
            "Oh hey, looks like my heart stopped. Well that's nice. [Plop]",
            "I'm feeling bored. So i'ma head out. Later."
        ],
        "bio": {
            "species": "Wolf",
            "age": 10,
            "info": "His power can allow him to summon objects. However, they have a red glow, and they break very easily.  We're talking 1-2 hits easily.",
            "likes": "",
            "dislikes": "",
            "fears": "",
            "voice": "His impression of a sonic voice.",
            "theme": "https://youtu.be/Je52EIU_xfs",
            "backstory": "Harcvuk's a wolf who had lived in his own town. Long story short, his god emeralds turned it to a void, but now he travels dimensions with his friends. Who are Miles, Frylo, Perdu, and Bob.",
            "appearance": "https://cdn.discordapp.com/attachments/820036937791438859/883755609059655730/unknown.png",
            "height": [
                4,
                0
            ],
            "weight": 0,
            "gender": "male",
            "custom": {}
        },
        "trust": {
            "Ramia": {
                "value": 1,
                "nextLevel": 100,
                "level": 0
            },
            "Flara": {
                "value": 0,
                "nextLevel": 100,
                "level": 0
            },
            "Euphorica": {
                "value": 25,
                "nextLevel": 100,
                "level": 1
            },
            "Karma": {
                "value": 40,
                "nextLevel": 100,
                "level": 1
            },
            "Permic": {
                "value": 35,
                "nextLevel": 100,
                "level": 1
            },
            "John": {
                "value": 105,
                "nextLevel": 120,
                "level": 2
            },
            "Miles": {
                "value": 30,
                "nextLevel": 120,
                "level": 2
            },
            "Sutela": {
                "value": 20,
                "nextLevel": 100,
                "level": 1
            },
            "Patella": {
                "value": -100,
                "nextLevel": 100,
                "level": 1,
                "dislike": 10
            },
            "Valoria": {
                "value": 40,
                "nextLevel": 100,
                "level": 1
            },
            "Sky": {
                "value": 25,
                "nextLevel": 100,
                "level": 1
            },
            "Sparky": {
                "value": 25,
                "nextLevel": 100,
                "level": 1
            },
            "Ira": {
                "value": 95,
                "nextLevel": 100,
                "level": 1
            },
            "XCyan": {
                "value": 25,
                "nextLevel": 100,
                "level": 1
            },
            "Lanagu": {
                "value": 25,
                "nextLevel": 100,
                "level": 1
            },
            "Firestorm": {
                "value": 10,
                "nextLevel": 100,
                "level": 1
            },
            "DemonicDesire": {
                "value": 110,
                "nextLevel": 120,
                "level": 2
            },
            "Frylo": {
                "value": 50,
                "nextLevel": 120,
                "level": 2
            },
            "Exetior": {
                "value": 30,
                "nextLevel": 100,
                "level": 1
            },
            "Bow": {
                "value": 30,
                "nextLevel": 100,
                "level": 1
            },
            "Negagen": {
                "value": 10,
                "nextLevel": 120,
                "level": 2
            },
            "Pank": {
                "value": 60,
                "nextLevel": 100,
                "level": 1
            }
        },
        "charms": [],
        "curCharms": [],
        "weapon": {},
        "mainElement": "strike",
        "mpMeter": [
            "DarkEnergy",
            "DE"
        ],
        "armor": {},
        "teamCombo": {
            "Miles": "BladingArmBlast"
        },
        "hidden": true,
        "stats": {
            "atk": 58,
            "mag": 19,
            "prc": 29,
            "end": 58,
            "chr": 19,
            "int": 31,
            "agl": 61,
            "luk": 29
        },
        "basestats": {
            "baseatk": 6,
            "basemag": 2,
            "baseprc": 3,
            "baseend": 6,
            "basechr": 2,
            "baseint": 5,
            "baseagl": 9,
            "baseluk": 3
        },
        "affinities": {
            "superweak": [
                "fire",
                "ice"
            ],
            "weak": [],
            "resist": [
                "psychic",
                "strike"
            ],
            "block": [],
            "repel": [],
            "drain": []
        },
        "autolearn": {
            "0": true,
            "2": true,
            "6": true,
            "true": true
        },
        "quotes": {
            "meleequote": [
                "HYAAAKEBDJSBEKSN",
                "So, I have to use my fist? Fine then.",
                "Kinda don't feel like using my magic. so here's this.",
                "A.",
                "Well here's a basic ass attack",
                "Welp time to-"
            ],
            "physquote": [
                "HALYHAAAAAA-",
                "CUTTING UP A FUCK TODAY",
                "Time for what i call a pro gamer move.",
                "I ABSOLUTELY MUST FUCK AROUND, AND ADDITIONALLY FIND OUT!",
                "**Oh you fucked up now**",
                "HAHHAH!",
                "Time to do what I call a physical pro move",
                "It seems that I'm about to use a move that isn't magic."
            ],
            "magquote": [
                "Time to summon your demise!",
                "Time to use some magic",
                "Dispite the fact that this drains my energy, I will **kill**",
                "My blade would be real handy right now, but this isn't the attack for it",
                "Time to summon something...... **That something being your DEMISE!**",
                "I'm gonna shove this magic attack up your ass!",
                "m",
                "It's time to kill",
                "I'm running out of things to say, so here's something: ass."
            ],
            "allyatkquote": [
                "Here, let me help!",
                "You look like you need some help. and that's what I'll provide!",
                "Hey, let me assist you with that!",
                "TIME TO HELP",
                "Oh, here's a neat trick. Assistance!",
                "It seems that you might need some help. Here you go!"
            ],
            "lbquote": [
                "**TIME TO SHOW YOU MY __ULTIMATE POWER!__ HYAAAAAAAAAAAAAAAAAAAA!!!!!!!!!**",
                "**Oh you've messed with the wrong wolf motherfucker. TIME FOR YOUR DEMISE!!!**",
                "**I'M ABOUT TO FUCK YOU UP!! YOU'LL BE SIX FEET UNDER ONE I'M THROUGH WITH YOU!**",
                "**OH, YOU'VE DONE IT NOW**",
                "**Time for you to suffer at the hands of my blade.**",
                "**Oh you aren't ready for this one..**"
            ],
            "strongquote": [
                "HELL YEAHHHHHHHHH",
                "Hah hah, looks like you aren't doing too well, **HERE, LET ME MAKE IT WORSE!!!**",
                "NAILED IT",
                "HELL YEAH, GOT YOU NOW, BITCH",
                "WOOOO THAT WAS A GOOD ONE",
                "YEAHHHHHHHHHHHHHHHHH"
            ],
            "missquote": [
                "Goddamnit.",
                "Uhhh.. I'm just warming up..!",
                "FUCK-",
                "uhhhhhh that was the wrong move?",
                "Well that didn't go well",
                "Shit",
                "Oh come on. this is bullshit.",
                "GODDAMNIT JUST STAY THERE BEFORE I MAKE YOU!",
                "You're pissing me off. Now **stay**."
            ],
            "weakquote": [
                "HEY-",
                "GET THAT AWAY FROM ME-",
                "**AAAAAAAAAAAAAA-**",
                "oH GOD O**H FUCK-**",
                "NO! NO! NO! GET BACK! NOOO!!! AAAA!!! STOOOP!!! AAAAAAAAAAAAAAAAAAAAAAA!!!!!!",
                "WHYYYYYYY",
                "AH WHAT ARE YOU DOING?! ARE YOU TRYING TO KILL ME, OR RUIN ME?!"
            ],
            "hurtquote": [
                "AGH! you little shit.",
                "HEYHEYHEY WATCH THE HAIR!",
                "***Oh when i get to you, you're so dead.***",
                "Ow, that actually stung a little.",
                "ok ow",
                "EY WHAT THE FUCK DID YOU DO TO MY HAND?!",
                "AAAAAAAAAAAAA",
                "Oh god ow",
                "Oh you're actually doing damage. Oh fuck-",
                "ACK-"
            ],
            "resistquote": [
                "Wow. That did nothing.",
                "Well, you couldn't do too much",
                "[reading a book, as he looks up] ...was that supposed to do something?",
                "............",
                "This is getting boring. Why don't you actually do some damage?",
                "Cmon, You should know that the move won't work on me. Oh wait, you **don't** know. HAH!"
            ],
            "blockquote": [
                "How about you try better then that?",
                "Sorry but I refuse to allow that to happen.",
                "can you not? The move is useless.",
                "AAAAAAA- oh-",
                "Well looks like I managed to dodge a bullet there.",
                "Wow.",
                "...was that supposed to do damage instead of that just... flopping badly?"
            ],
            "repelquote": [
                "Oh sorry, i was looking at myself in the mir- the hell happened to you?",
                "Wow, what is this, a game of ReflectBlock?",
                "Well it seems that the move went back at you.",
                "Wow, you suck so bad that you got hit by your own move. How dissapointing"
            ],
            "drainquote": [
                "[slurp x10] Protein",
                "mmmmmmmmmmm",
                "Oh thanks, I needed that energy. What? I **took** it from you? **Good.**",
                "mmmmmmmmmmmmmmmmmmmmmmmmmmmmmmmmmmmmmmmmmmmmmmm now that's some good fucking protein.",
                "Hm. Tastes like energy."
            ],
            "dodgequote": [
                "HAH! You missed!",
                "aww, you miss me! But your aim is getting better!",
                "Wow you must be really bad at attacking. Didn't even need to move there.",
                "[yawn] Can we get this over with? I got some beer to be drinking.",
                "*oh my god how bad can you be?*",
                "*Oh my god, how bad can you be at this?*",
                "Hey, careful there."
            ],
            "killquote": [
                "Well that was easy.",
                "**And that's why you don't fuck with me.**",
                "I AM GOING TO FUCK YOU! ............wait-",
                "HAH HAH! TAKE THAT BITCH",
                "and that's the end of me kicking your ass",
                "Heh, weak.",
                "Well this was quite the... something.",
                "Well looks like my job **really is** done."
            ],
            "allydeathquote": [
                "[yellow glow] You FUCKER... **YOU'RE GOING TO PAY FOR THAT!**",
                "**...**",
                "t know why you do this, or why you",
                "**Oh you're SO dead..!**",
                " %ALLY%!!!!! NOOOOOOOOOOO!!!!! **OH YOU'RE PAYING FOR THAT NOW, YOU BASTARD!**"
            ],
            "healquote": [
                "Here take some pills. I don't know what they do. But they should help.",
                "Oh uh oh, you don't look so good, this should help!",
                "I'm gonna channel my energy to heal you real quick....... there we go.",
                "Here, I got something to help you out!",
                "[green glow] Time to heal"
            ],
            "helpedquote": [
                "Oh, thanks! Now i can continue beating this thing to death!",
                "Mmmmmmmmmmmmmmmm protein",
                "Oh, thanks! I needed that boost",
                "Hell yeah, more protein.",
                "Woooo! I got some more energy! thanks!",
                "Oh yeah, got the help of my allies. and this is why being nice pays off."
            ],
            "consolequote": [
                "Hey... are you alright?",
                "Oh fuck! Hey, let me do this, I don't want you to die..",
                "Hey, I'm getting worried about you. Let me take care of this enemy for you.",
                "AH! Hey! Hey! Let me help with this, alright?"
            ],
            "imfinequote": [
                "Don't worry, I can handle this!",
                "I've dealt with shit like this before. I can brush it off.",
                "No need to worry, friend. I'll be fine.",
                "This isn't getting me too much. I think I'll be fine."
            ],
            "lvlquote": [
                "**My power grows stronger**",
                "With every second in battle.. my strategy and my way of fighting grows stronger..",
                "**T h e  p o w e r . . .**",
                "The more power I gain, the more... controlling I can get with my own energy..",
                "**Interesting..**",
                "Oh nice, more power. Nice to have.",
                "Looks like the protein I'm getting is starting to pay off.",
                ".......wait I gained a level?",
                "**P o w e r  M o m e n t**"
            ]
        },
        "lb": {
            "1": {
                "name": "BladeVoidSlash",
                "class": "atk",
                "pow": 200,
                "cost": 100,
                "status": "bleed",
                "statuschance": 20
            },
            "2": {
                "name": "BladeBlast",
                "class": "atk",
                "pow": 400,
                "cost": 200,
                "status": "paralyze",
                "statuschance": 20
            },
            "3": {
                "name": "WorthyVoiding",
                "class": "atk",
                "pow": 600,
                "cost": 300,
                "status": "poison",
                "statuschance": 10
            }
        }
    },
    "John": {
        "name": "John",
        "owner": "798092550392381450",
        "level": 62,
        "hp": 304,
        "mp": 294,
        "maxhp": 304,
        "maxmp": 294,
        "basehp": 30,
        "basemp": 20,
        "melee": {
            "name": "Strike Attack",
            "type": "strike",
            "pow": 30,
            "acc": 95,
            "crit": 15
        },
        "weapon": {},
        "xp": 79225,
        "maxxp": 3086380,
        "skills": [
            "Clawswipe",
            "CrossSlash",
            "QuickSlash",
            "SwipesOfMany",
            "GaleSlash",
            "Psiodyne",
            "FanSlash"
        ],
        "critquote": [
            "OH HELL YEAH!"
        ],
        "deathquote": [
            "[plays dead to hope to trick the enemy]"
        ],
        "bio": {
            "species": "Cat",
            "age": 10,
            "info": "The brother of Harcvuk. in the past, he was always prepared for anything in school. He even became one of the top students in MobiTown. After graduation, he then went to assist Harc in defeating Meran. then after a while of doing so, they met Miles and Frylo. then everyone became partners. after a while of exploring and whatnot, they then formed a team with Perduvuk as an added addition. which was how the whole team had gotten formed.",
            "backstory": "",
            "likes": "Peace & Quiet, Action Packed Adventures",
            "dislikes": "Puns",
            "fears": "Losing his loved ones (including Harc.), Harc finding a shit ton of pun books. **W a t e r**",
            "voice": "",
            "theme": "",
            "height": [
                4,
                0
            ],
            "weight": 0,
            "gender": "",
            "custom": {}
        },
        "trust": {
            "Euphorica": {
                "value": 25,
                "nextLevel": 100,
                "level": 1
            },
            "Karma": {
                "value": 65,
                "nextLevel": 120,
                "level": 2
            },
            "Permic": {
                "value": 35,
                "nextLevel": 100,
                "level": 1
            },
            "Miles": {
                "value": 110,
                "nextLevel": 140,
                "level": 3
            },
            "Sutela": {
                "value": 0,
                "nextLevel": 100,
                "level": 1
            },
            "Harcvuk": {
                "value": 15,
                "nextLevel": 140,
                "level": 3
            },
            "Frylo": {
                "value": 110,
                "nextLevel": 140,
                "level": 3
            },
            "Bayrero": {
                "value": 110,
                "nextLevel": 120,
                "level": 2
            },
            "DemonicDesire": {
                "value": 80,
                "nextLevel": 140,
                "level": 3
            },
            "Bow": {
                "value": 20,
                "nextLevel": 120,
                "level": 2
            },
            "Ira": {
                "value": 90,
                "nextLevel": 100,
                "level": 1
            },
            "Exetior": {
                "value": 30,
                "nextLevel": 100,
                "level": 1
            },
            "Lena": {
                "value": 60,
                "nextLevel": 100,
                "level": 1
            },
            "Frosta": {
                "value": 60,
                "nextLevel": 100,
                "level": 1
            },
            "Trecko": {
                "value": 60,
                "nextLevel": 100,
                "level": 1
            },
            "Jelly": {
                "value": 60,
                "nextLevel": 100,
                "level": 1
            },
            "Negagen": {
                "value": 60,
                "nextLevel": 100,
                "level": 1
            },
            "Pank": {
                "value": 60,
                "nextLevel": 100,
                "level": 1
            }
        },
        "charms": [],
        "curCharms": [],
        "mainElement": "slash",
        "mpMeter": [
            "Catnip",
            "CATDRUGS"
        ],
        "armor": {},
        "stats": {
            "atk": 68,
            "mag": 22,
            "prc": 36,
            "end": 23,
            "chr": 35,
            "int": 36,
            "agl": 69,
            "luk": 67
        },
        "basestats": {
            "baseatk": 7,
            "basemag": 2,
            "baseprc": 5,
            "baseend": 3,
            "basechr": 4,
            "baseint": 5,
            "baseagl": 8,
            "baseluk": 6
        },
        "affinities": {
            "weak": [
                "water",
                "fire"
            ],
            "resist": [
                "water"
            ],
            "block": [
                "strike"
            ],
            "repel": [
                "psychic"
            ],
            "drain": []
        },
        "autolearn": {},
        "quotes": {
            "meleequote": [],
            "physquote": [
                "TIME FOR THE CLAWS TO TAKE EFFECT"
            ],
            "magquote": [],
            "lbquote": [],
            "strongquote": [],
            "missquote": [],
            "weakquote": [
                "AH! OW! OH THAT STINGS! THE FUCK DID YOU PUT ON ME?!",
                "**YAP!!** [John does a High Cat jump]"
            ],
            "hurtquote": [],
            "resistquote": [],
            "blockquote": [],
            "repelquote": [],
            "drainquote": [],
            "dodgequote": [],
            "killquote": [
                "YEAH! WOO!"
            ],
            "allydeathquote": [],
            "healquote": [],
            "helpedquote": [
                "Oh, thanks!"
            ],
            "lvlquote": [
                "**Closer to teaching Harc a lesson with the puns..**",
                "**I can feel myself getting stronger.. it's only a matter of time..**"
            ]
        },
        "lb": {}
    },
    "Frylo": {
        "name": "Frylo",
        "owner": "798092550392381450",
        "level": 54,
        "hp": 331,
        "mp": 152,
        "maxhp": 331,
        "maxmp": 152,
        "basehp": 40,
        "basemp": 20,
        "melee": {
            "name": "Strike Attack",
            "type": "strike",
            "pow": 30,
            "acc": 95,
            "crit": 15
        },
        "weapon": {},
        "xp": 184021,
        "maxxp": 982349,
        "skills": [
            "MegaPunch",
            "GiganticFist",
            "BodySlam",
            "AllOutShove",
            "Agidyne",
            "FlamingFist"
        ],
        "critquote": [
            "Did I do it? DID I DO WELL? WOOOOO!"
        ],
        "deathquote": [
            "Why do I feel really dizzy?",
            "Looks like it's time to sleep"
        ],
        "bio": {
            "species": "Echidna",
            "age": 10,
            "info": "Originally from an alternate universe of Mobius, Frylo is an echidna that pretty much prefers fighting over anything, but at the same time.. He isn't quite the sharpest tool in the shed. After joining Miles for some dimensional exploring, they were off to go find things, where they met Harc and then all became partners. now after a long time, with the additions of John & Perduvuk, they then formed into the team that we all know to this day. Traveling together, finding new things, and sticking by each other's side.",
            "backstory": "",
            "likes": "Having fun, Fighting, anything that doesn't require him to think",
            "dislikes": "Thinking, being powerless, getting himself caught on fire",
            "fears": "",
            "voice": "",
            "theme": "",
            "height": [
                4,
                0
            ],
            "weight": 0,
            "gender": "",
            "custom": {}
        },
        "trust": {
            "Miles": {
                "value": 105,
                "nextLevel": 170,
                "level": 3
            },
            "John": {
                "value": 0,
                "nextLevel": 160,
                "level": 4
            },
            "Bayrero": {
                "value": 80,
                "nextLevel": 120,
                "level": 2
            },
            "DemonicDesire": {
                "value": 80,
                "nextLevel": 140,
                "level": 3
            },
            "Bow": {
                "value": 20,
                "nextLevel": 120,
                "level": 2
            },
            "Karma": {
                "value": 20,
                "nextLevel": 120,
                "level": 2
            },
            "Harcvuk": {
                "value": 110,
                "nextLevel": 120,
                "level": 2
            },
            "Ira": {
                "value": 60,
                "nextLevel": 100,
                "level": 1
            },
            "Exetior": {
                "value": 30,
                "nextLevel": 100,
                "level": 1
            },
            "Negagen": {
                "value": 60,
                "nextLevel": 100,
                "level": 1
            },
            "Pank": {
                "value": 60,
                "nextLevel": 100,
                "level": 1
            }
        },
        "charms": [],
        "curCharms": [],
        "mainElement": "strike",
        "mpMeter": [
            ":D",
            ":D"
        ],
        "armor": {},
        "teamCombo": {
            "Miles": "FrylesBash"
        },
        "stats": {
            "atk": 61,
            "mag": 59,
            "prc": 19,
            "end": 30,
            "chr": 31,
            "int": 19,
            "agl": 57,
            "luk": 30
        },
        "basestats": {
            "baseatk": 8,
            "basemag": 6,
            "baseprc": 1,
            "baseend": 3,
            "basechr": 4,
            "baseint": 1,
            "baseagl": 4,
            "baseluk": 3
        },
        "affinities": {
            "weak": [
                "water",
                "psychic"
            ],
            "resist": [],
            "block": [
                "fire"
            ],
            "repel": [
                "strike"
            ],
            "drain": []
        },
        "autolearn": {},
        "quotes": {
            "meleequote": [
                "AAAAAAAAAAA"
            ],
            "physquote": [
                "I'M GOING TO SHOVE THIS FIST IN YOUR THROAT"
            ],
            "magquote": [
                "DUKFKSJDHSHDFJSKHDFKJSDKFSHDFHDFSLSKHDFFDFKHKSFH"
            ],
            "lbquote": [],
            "strongquote": [
                "FEEL THE BURRRRRRRN!!!"
            ],
            "missquote": [],
            "weakquote": [],
            "hurtquote": [
                "OW!"
            ],
            "resistquote": [],
            "blockquote": [],
            "repelquote": [],
            "drainquote": [],
            "dodgequote": [],
            "killquote": [
                "WOOOOOOOOOOOO!"
            ],
            "allydeathquote": [],
            "healquote": [],
            "helpedquote": [
                ":D"
            ],
            "lvlquote": [
                "yay! I feel stronger!"
            ]
        },
        "lb": {}
    },
    "Miles": {
        "name": "Miles",
        "owner": "798092550392381450",
        "level": 60,
        "hp": 256,
        "mp": 467,
        "maxhp": 256,
        "maxmp": 467,
        "basehp": 20,
        "basemp": 25,
        "melee": {
            "name": "Strike Attack",
            "type": "strike",
            "pow": 30,
            "acc": 95,
            "crit": 15
        },
        "weapon": {},
        "xp": 407242,
        "maxxp": 2318215,
        "skills": [
            "Mediarama",
            "CuringAura",
            "Diarahan",
            "ArmCannon",
            "Majino",
            "Jinodyne",
            "Matarukaja",
            "Makarakarn"
        ],
        "critquote": [],
        "deathquote": [
            "OW! YOU BITCH",
            "Ow.. I can't afford anymore hospital bills..",
            "SUCK IT, BITCH"
        ],
        "bio": {
            "species": "Fox",
            "age": 10,
            "info": "Originally from an alternate universe of Mobius, Miles is a Fox that likes to build, and smoke. he's also supportive to his teammates. and his partners, after getting Frylo to join him, they were off to dimensional exploring. then in a timeline, they met Harc and they became partners. now after a long time, they got together again and became a whole team. Knuckles Frylo and Harcvuk, travel dimensions together. discovering new things, and always sticking by eachother's side. John and Perduvuk is also with Harc.",
            "backstory": "",
            "likes": "Smoking, Building Stuff, Having fun",
            "dislikes": "Stress, Failed inventions, Not smoking for a long time. (He's fine for several months though.)",
            "fears": "losing loved ones, being unable to build. smoking ban.",
            "voice": "",
            "theme": "",
            "\"fox\"": "Fox",
            "height": [
                4,
                0
            ],
            "weight": 0,
            "gender": "",
            "custom": {}
        },
        "trust": {
            "Frylo": {
                "value": 10,
                "nextLevel": 190,
                "level": 4
            },
            "Karma": {
                "value": 5,
                "nextLevel": 120,
                "level": 2
            },
            "Euphorica": {
                "value": 25,
                "nextLevel": 100,
                "level": 1
            },
            "Permic": {
                "value": 35,
                "nextLevel": 100,
                "level": 1
            },
            "John": {
                "value": 75,
                "nextLevel": 160,
                "level": 4
            },
            "Sutela": {
                "value": 0,
                "nextLevel": 100,
                "level": 1
            },
            "Harcvuk": {
                "value": 15,
                "nextLevel": 140,
                "level": 3
            },
            "Patella": {
                "value": -175,
                "nextLevel": 100,
                "level": 1,
                "dislike": -165
            },
            "Bayrero": {
                "value": 110,
                "nextLevel": 120,
                "level": 2
            },
            "DemonicDesire": {
                "value": 80,
                "nextLevel": 140,
                "level": 3
            },
            "Bow": {
                "value": 20,
                "nextLevel": 120,
                "level": 2
            },
            "Ira": {
                "value": 60,
                "nextLevel": 100,
                "level": 1
            },
            "Exetior": {
                "value": 30,
                "nextLevel": 100,
                "level": 1
            },
            "Lena": {
                "value": 60,
                "nextLevel": 100,
                "level": 1
            },
            "Frosta": {
                "value": 60,
                "nextLevel": 100,
                "level": 1
            },
            "Trecko": {
                "value": 60,
                "nextLevel": 100,
                "level": 1
            },
            "Jelly": {
                "value": 60,
                "nextLevel": 100,
                "level": 1
            },
            "Negagen": {
                "value": 60,
                "nextLevel": 100,
                "level": 1
            },
            "Pank": {
                "value": 60,
                "nextLevel": 100,
                "level": 1
            }
        },
        "charms": [],
        "curCharms": [],
        "mainElement": "heal",
        "mpMeter": [
            "GiveAFuck",
            "GAF"
        ],
        "armor": {},
        "stats": {
            "atk": 23,
            "mag": 65,
            "prc": 23,
            "end": 34,
            "chr": 34,
            "int": 69,
            "agl": 66,
            "luk": 34
        },
        "basestats": {
            "baseatk": 3,
            "basemag": 6,
            "baseprc": 3,
            "baseend": 4,
            "basechr": 4,
            "baseint": 10,
            "baseagl": 7,
            "baseluk": 4
        },
        "affinities": {
            "weak": [
                "fire",
                "ice"
            ],
            "resist": [
                "strike",
                "grass"
            ],
            "block": [
                "wind"
            ],
            "repel": [],
            "drain": []
        },
        "autolearn": {
            "0": true
        },
        "quotes": {
            "meleequote": [
                "Oh great now I need to use my hands"
            ],
            "physquote": [
                "....what the hell am I supposed to use? my tails? Whatever, gonna just-"
            ],
            "magquote": [
                "Time for one hell of a move!",
                "TIME FOR ME TO CAST THE POWER OF %SKILL% UPON YOU!!",
                "Time to make my magic useful"
            ],
            "allyatkquote": [
                "LET'S DO THIS"
            ],
            "lbquote": [
                "**TIME FOR THE ULTIMATE PUNISHER**"
            ],
            "strongquote": [],
            "missquote": [
                "Shit-",
                "IT WAS A MISINPUT-",
                "Do I need glasses or something?",
                "GODDAMNIT JUST STAY STILL",
                "-",
                "[Inhale] `ok.`"
            ],
            "weakquote": [
                "ok, OW."
            ],
            "hurtquote": [
                "ow",
                "A-",
                "ow- I think I might need to heal myself"
            ],
            "resistquote": [
                "That won't work on me.",
                "keep that away from me"
            ],
            "blockquote": [
                "Tch. that attack does nothing on me.",
                "Huh? did something just try to hit me?"
            ],
            "repelquote": [
                "TIME FOR A COUNTER ATTACK",
                "HAH HAH! SURPRISE MOTHERFUCKER! I GOT A BAT. TIME FOR A HOME RUN!!",
                "Oh hey my tails were actually handy for something apart from flying"
            ],
            "drainquote": [
                "[slurp] MMMMMMM ENERGY"
            ],
            "dodgequote": [
                "CAN'T CATCH ME BITCH",
                "Wow that was easy to avoid.",
                "ok this is getting boring. why don't you try **actually** targetting me?"
            ],
            "killquote": [
                "HELL YEAH! TAKE THAT, BITCH!"
            ],
            "allydeathquote": [
                "%ALLY%?!?!?! NOOOOOOOOOOOOOOO!!!!!! **`......Oh you're going to pay motherfucker.`**",
                "NO!! NOT %ALLY%!!!! I'll avenge you.. %ALLY%..."
            ],
            "healquote": [
                "Here, let me help you out, %ALLY%!",
                "Time to commit what I call a useful move",
                "It's dangerous to fight alone, take this."
            ],
            "helpedquote": [
                "Oh nice",
                "Finally. More to handle",
                "I could've done that myself, but ok. In case I **did** heal myself, then I might have poor memory."
            ],
            "consolequote": [
                "H-hey, are you alright? I'll assist you if you need me to.",
                "-?! OH GOD BE CAREFUL! I DON'T WANT TO LOSE YOU"
            ],
            "imfinequote": [
                "Oh don't worry about me. I can handle it.",
                "I'll be fine. %ENEMY% won't be able to take me down **that** easily."
            ],
            "lvlquote": [
                "**mmmmmmm**",
                "**The `power`...**"
            ]
        },
        "lb": {}
    },
    "Creator": {
        "name": "Creator",
        "owner": "798092550392381450",
        "level": 60,
        "hp": 325,
        "mp": 261,
        "maxhp": 325,
        "maxmp": 261,
        "basehp": 30,
        "basemp": 25,
        "mpMeter": [
            "Magic Points",
            "MP"
        ],
        "melee": {
            "name": "Strike Attack",
            "type": "strike",
            "pow": 30,
            "acc": 95,
            "crit": 15
        },
        "weapon": {},
        "armor": {},
        "xp": 0,
        "maxxp": 2318215,
        "skills": [
            "Blizzard",
            "IceBeam",
            "IcicleShower",
            "FreezerBurn",
            "Belt",
            "Pun"
        ],
        "critquote": [],
        "deathquote": [],
        "bio": {
            "species": "",
            "age": 10,
            "info": "",
            "backstory": "",
            "likes": "",
            "dislikes": "",
            "fears": "",
            "voice": "",
            "theme": "",
            "gender": "",
            "height": [
                4,
                0
            ],
            "weight": 0,
            "custom": {}
        },
        "trust": {},
        "charms": [],
        "curCharms": [],
        "mainElement": "ice",
        "teamCombo": {
            "ShadowHarcvuk": "ChaoticNightmare",
            "DemonicDesire": "BurningFreeze"
        },
        "stats": {
            "atk": 69,
            "mag": 69,
            "prc": 24,
            "end": 34,
            "chr": 34,
            "int": 23,
            "agl": 64,
            "luk": 34
        },
        "basestats": {
            "baseatk": 10,
            "basemag": 10,
            "baseprc": 4,
            "baseend": 4,
            "basechr": 4,
            "baseint": 3,
            "baseagl": 5,
            "baseluk": 4
        },
        "affinities": {
            "superweak": [],
            "weak": [
                "fire",
                "curse"
            ],
            "resist": [
                "strike"
            ],
            "block": [
                "ice"
            ],
            "repel": [],
            "drain": []
        },
        "autolearn": {
            "1": true,
            "2": true,
            "3": true,
            "4": true,
            "5": true,
            "6": true
        },
        "quotes": {
            "meleequote": [],
            "physquote": [],
            "magquote": [],
            "lbquote": [],
            "strongquote": [],
            "missquote": [],
            "weakquote": [],
            "hurtquote": [],
            "resistquote": [],
            "blockquote": [],
            "repelquote": [],
            "drainquote": [],
            "killquote": [],
            "healquote": [],
            "helpedquote": []
        },
        "lb": {}
    },
    "Meran": {
        "name": "Meran",
        "owner": "798092550392381450",
        "level": 51,
        "hp": 355,
        "mp": 320,
        "maxhp": 355,
        "maxmp": 320,
        "basehp": 30,
        "basemp": 20,
        "mpMeter": [
            "MaskJuice",
            "MJ"
        ],
        "melee": {
            "name": "Strike Attack",
            "type": "strike",
            "pow": 30,
            "acc": 95,
            "crit": 15
        },
        "weapon": {},
        "armor": {},
        "xp": 0,
        "maxxp": 639473,
        "skills": [
            "MaskDrain",
            "ShadowStrike",
            "UnseenSnatch",
            "BurningSpirit",
            "Taunt",
            "Kiss"
        ],
        "critquote": [],
        "deathquote": [],
        "bio": {
            "species": "Mask",
            "age": 10,
            "info": "Meran is a floating shadow mask that's focused on World Destruction and getting rid of Harc. ~~Except he's terrible at being evil as all of his plans always have massive flaws.~~",
            "backstory": "Meran used to be an evil character in a play by someone named Merlin, who had a mask that looked alot like Meran. He'd wear the mask and act like Meran, as that was the attitude he had planned for the character. This was pretty popular in MobiTown. But one day, there was some sort of curse that hit Merlin in the middle of a play, which caused his spirit to enter the mask. Then the mask had risen, gained some shadows around it, then it came to life. as soon as the mask figured out what was happening, it started its evil things. it was soon revealed during an evil scream that the mask was Meran. Meran had came to life by a curse, with Merlin seemingly gone out of nowhere. People had suspected that Merlin is stuck in this mask.\n\n",
            "likes": "Evil things, Chaos, Destruction.",
            "dislikes": "Harcvuk, foiled plans, Merlin trying to break out of the curse.",
            "fears": "Merlin actually breaking out of the curse. Causing Meran to be unable to stick around as his evil spirit would be taken out and put back into the character.",
            "voice": "Darkseid (Jonathan Adams)",
            "theme": "",
            "gender": "male",
            "height": [
                4,
                0
            ],
            "weight": 0,
            "custom": {}
        },
        "trust": {},
        "mainElement": "curse",
        "charms": [],
        "curCharms": [],
        "stats": {
            "atk": 29,
            "mag": 31,
            "prc": 20,
            "end": 57,
            "chr": 30,
            "int": 58,
            "agl": 56,
            "luk": 20
        },
        "basestats": {
            "baseatk": 4,
            "basemag": 6,
            "baseprc": 3,
            "baseend": 7,
            "basechr": 5,
            "baseint": 8,
            "baseagl": 6,
            "baseluk": 3
        },
        "affinities": {
            "weak": [
                "psychic",
                "electric"
            ],
            "resist": [
                "strike"
            ],
            "block": [
                "curse",
                "gravity"
            ],
            "repel": [],
            "drain": []
        },
        "autolearn": {
            "true": true
        },
        "quotes": {
            "meleequote": [],
            "physquote": [],
            "magquote": [
                "FEEEEEL THE POWER OF MY ULTIMATE %SKILL&%!",
                "FEEEEEL THE POWER OF MY ULTIMATE %SKILL%!"
            ],
            "allyatkquote": [],
            "lbquote": [],
            "strongquote": [],
            "missquote": [],
            "weakquote": [],
            "hurtquote": [],
            "resistquote": [],
            "blockquote": [],
            "repelquote": [],
            "drainquote": [],
            "dodgequote": [],
            "killquote": [],
            "allydeathquote": [],
            "healquote": [],
            "helpedquote": [],
            "consolequote": [],
            "imfinequote": [],
            "lvlquote": []
        },
        "lb": {}
    },
    "Jelly": {
        "name": "Jelly",
        "owner": "798092550392381450",
        "level": 66,
        "hp": 397,
        "mp": 312,
        "maxhp": 397,
        "maxmp": 312,
        "basehp": 40,
        "basemp": 20,
        "mpMeter": [
            "Magic Points",
            "MP"
        ],
        "melee": {
            "name": "Strike Attack",
            "type": "strike",
            "pow": 30,
            "acc": 95,
            "crit": 15
        },
        "weapon": {},
        "armor": {},
        "xp": 455056,
        "maxxp": 5470677,
        "skills": [
            "VineLash",
            "Hanamadyne",
            "MagicalLeaf",
            "LeafStorm",
            "MegatonRaid",
            "Magnara",
            "Tetrakarn",
            "Marakukaja"
        ],
        "critquote": [],
        "deathquote": [],
        "bio": {
            "species": "Mossimp",
            "age": 10,
            "info": "A mossimp who had been spared in the wild. Now it stays with the group and sometimes helps. However, this mossimp can speak english thanks to an experiment that Miles tried on Jelly. Funny thing is, this mossimp still perfers its normal language over english. so it doesn't speak it too often",
            "backstory": "",
            "likes": "",
            "dislikes": "",
            "fears": "",
            "voice": "",
            "theme": "",
            "height": [
                4,
                0
            ],
            "weight": 0,
            "custom": {}
        },
        "trust": {
            "Frosta": {
                "value": 80,
                "nextLevel": 100,
                "level": 1
            },
            "Lena": {
                "value": 60,
                "nextLevel": 100,
                "level": 1
            },
            "Trecko": {
                "value": 60,
                "nextLevel": 100,
                "level": 1
            },
            "Miles": {
                "value": 30,
                "nextLevel": 100,
                "level": 1
            },
            "John": {
                "value": 30,
                "nextLevel": 100,
                "level": 1
            },
            "Bayrero": {
                "value": 30,
                "nextLevel": 100,
                "level": 1
            }
        },
        "mainElement": "grass",
        "stats": {
            "atk": 74,
            "mag": 71,
            "prc": 73,
            "end": 25,
            "chr": 25,
            "int": 38,
            "agl": 37,
            "luk": 36
        },
        "basestats": {
            "baseatk": 9,
            "basemag": 6,
            "baseprc": 8,
            "baseend": 3,
            "basechr": 3,
            "baseint": 5,
            "baseagl": 4,
            "baseluk": 3
        },
        "affinities": {
            "weak": [
                "fire",
                "slash"
            ],
            "resist": [
                "grass"
            ],
            "block": [
                "pierce"
            ],
            "repel": [],
            "drain": [
                "water"
            ]
        },
        "quotes": {
            "meleequote": [],
            "physquote": [],
            "magquote": [],
            "lbquote": [],
            "strongquote": [],
            "missquote": [],
            "weakquote": [],
            "hurtquote": [],
            "resistquote": [],
            "blockquote": [],
            "repelquote": [],
            "drainquote": [],
            "killquote": [],
            "healquote": [],
            "helpedquote": []
        },
        "lb": {}
    },
    "FleetwayHarcvuk": {
        "name": "FleetwayHarcvuk",
        "owner": "798092550392381450",
        "level": 61,
        "hp": 400,
        "mp": 255,
        "maxhp": 400,
        "maxmp": 255,
        "basehp": 40,
        "basemp": 15,
        "melee": {
            "name": "Strike Attack",
            "type": "strike",
            "pow": 30,
            "acc": 95,
            "crit": 15
        },
        "weapon": {},
        "xp": 0,
        "maxxp": 2674863,
        "skills": [
            "MegaKick",
            "AssaultDive",
            "Psio",
            "RocketStorm",
            "ShadowyBlast",
            "BloodBlind",
            "Sukukaja"
        ],
        "critquote": [],
        "deathquote": [],
        "bio": {
            "species": "",
            "age": 10,
            "info": "",
            "backstory": "",
            "likes": "",
            "dislikes": "",
            "fears": "",
            "voice": "",
            "theme": "",
            "gender": "",
            "height": [
                4,
                0
            ],
            "weight": 0,
            "custom": {}
        },
        "trust": {},
        "charms": [],
        "curCharms": [],
        "mainElement": "strike",
        "mpMeter": [
            "Magic Points",
            "MP"
        ],
        "armor": {},
        "stats": {
            "atk": 69,
            "mag": 35,
            "prc": 22,
            "end": 34,
            "chr": 22,
            "int": 65,
            "agl": 69,
            "luk": 33
        },
        "basestats": {
            "baseatk": 9,
            "basemag": 5,
            "baseprc": 2,
            "baseend": 4,
            "basechr": 2,
            "baseint": 5,
            "baseagl": 9,
            "baseluk": 3
        },
        "affinities": {
            "weak": [
                "fire",
                "ice"
            ],
            "resist": [
                "strike",
                "psychic"
            ],
            "block": [],
            "repel": [],
            "drain": []
        },
        "autolearn": {},
        "quotes": {
            "meleequote": [],
            "physquote": [],
            "magquote": [],
            "lbquote": [],
            "strongquote": [],
            "missquote": [],
            "weakquote": [],
            "hurtquote": [],
            "resistquote": [],
            "blockquote": [],
            "repelquote": [],
            "drainquote": [],
            "killquote": [],
            "healquote": [],
            "helpedquote": []
        },
        "lb": {}
    },
    "DemonicDesire": {
        "name": "DemonicDesire",
        "owner": "798092550392381450",
        "level": 60,
        "hp": 453,
        "mp": 379,
        "maxhp": 453,
        "maxmp": 379,
        "basehp": 40,
        "basemp": 25,
        "melee": {
            "name": "Strike Attack",
            "type": "strike",
            "pow": 30,
            "acc": 95,
            "crit": 15
        },
        "weapon": {},
        "xp": 47210,
        "maxxp": 2318215,
        "skills": [
            "Agidyne",
            "Flamethrower",
            "FireHexagon",
            "Pyroburst",
            "Maragion",
            "FlameCurse",
            "Will-O-Wisp",
            "FireBoost"
        ],
        "critquote": [
            "BINGO!"
        ],
        "deathquote": [
            "Welp looks like I'm dead",
            "Oh you're pouring lots of water on me, and I'm made of lava. ...**welp**",
            "Oh there goes my soul. ....I have a soul???"
        ],
        "bio": {
            "species": "",
            "age": 10,
            "info": "",
            "backstory": "",
            "likes": "",
            "dislikes": "",
            "fears": "",
            "voice": "",
            "theme": "",
            "height": [
                4,
                0
            ],
            "weight": 0,
            "gender": "",
            "custom": {}
        },
        "trust": {
            "John": {
                "value": 0,
                "nextLevel": 160,
                "level": 4
            },
            "Miles": {
                "value": 35,
                "nextLevel": 140,
                "level": 3
            },
            "Frylo": {
                "value": 110,
                "nextLevel": 140,
                "level": 3
            },
            "Bayrero": {
                "value": 80,
                "nextLevel": 120,
                "level": 2
            },
            "Bow": {
                "value": 20,
                "nextLevel": 120,
                "level": 2
            },
            "Karma": {
                "value": 60,
                "nextLevel": 100,
                "level": 1
            },
            "Ira": {
                "value": 70,
                "nextLevel": 100,
                "level": 1
            },
            "Harcvuk": {
                "value": 110,
                "nextLevel": 120,
                "level": 2
            },
            "Exetior": {
                "value": 30,
                "nextLevel": 100,
                "level": 1
            },
            "Negagen": {
                "value": 10,
                "nextLevel": 120,
                "level": 2
            },
            "Pank": {
                "value": 60,
                "nextLevel": 100,
                "level": 1
            }
        },
        "charms": [],
        "curCharms": [],
        "mainElement": "fire",
        "mpMeter": [
            "Lava",
            "L"
        ],
        "armor": {},
        "stats": {
            "atk": 67,
            "mag": 69,
            "prc": 34,
            "end": 36,
            "chr": 23,
            "int": 66,
            "agl": 35,
            "luk": 22
        },
        "basestats": {
            "baseatk": 8,
            "basemag": 10,
            "baseprc": 4,
            "baseend": 6,
            "basechr": 3,
            "baseint": 7,
            "baseagl": 5,
            "baseluk": 2
        },
        "affinities": {
            "weak": [
                "water",
                "earth"
            ],
            "resist": [
                "strike"
            ],
            "block": [
                "fire"
            ],
            "repel": [],
            "drain": []
        },
        "autolearn": {
            "true": true
        },
        "quotes": {
            "meleequote": [
                "KHFSDFHSDJHSJDFJKSFHIUFIWYEIFUHS"
            ],
            "physquote": [
                "So do I just use this thing orr...?"
            ],
            "magquote": [
                "**It is my desire to see you dead.**"
            ],
            "lbquote": [
                "AAAAAAAAAAAAAAAAAAAAAA"
            ],
            "strongquote": [
                "Wow that move hit harder then my self-confidence"
            ],
            "missquote": [],
            "weakquote": [
                "Oh cmon man."
            ],
            "hurtquote": [
                "Ow."
            ],
            "resistquote": [
                "mmmyes"
            ],
            "blockquote": [],
            "repelquote": [],
            "drainquote": [
                "MMMMM PROTEIN"
            ],
            "dodgequote": [],
            "killquote": [
                "HEADSHOT",
                "Well that was easy.",
                "Cmon, I know you could do better then that.",
                "Wow. really?",
                "Ugh, this is getting boring."
            ],
            "allydeathquote": [
                "Oh well that's nice",
                "God you suck",
                "...",
                "Wow.",
                "Cmon, I know you can provide more for us! Fine I guess i'll do it myself"
            ],
            "healquote": [
                "Oh hey"
            ],
            "helpedquote": [
                "P r o t e i n"
            ],
            "lvlquote": [
                "MMMMMMMMMMMMMMMMMMMMMMMMMMMMMMMMMMMM"
            ]
        },
        "lb": {
            "1": {
                "name": "TheUltimateFuckYou",
                "class": "atk",
                "pow": 200,
                "cost": 100,
                "status": "none",
                "statuschance": 0
            }
        }
    },
    "Harcette": {
        "name": "Harcette",
        "owner": "798092550392381450",
        "level": 81,
        "hp": {},
        "mp": {},
        "maxhp": {},
        "maxmp": {},
        "basehp": {},
        "basemp": {},
        "mpMeter": [
            "Magic Points",
            "MP"
        ],
        "status": "none",
        "statusturns": 0,
        "melee": {
            "name": "Strike Attack",
            "type": "strike",
            "pow": 30,
            "acc": 95,
            "crit": 15
        },
        "weapon": {},
        "armor": {},
        "lb": {},
        "xp": 0,
        "maxxp": 46801487,
        "skills": [
            "Moan",
            "Sex",
            "Penetration",
            "Constipation",
            "Shit",
            "SHIT"
        ],
        "critquote": [
            "[moan]"
        ],
        "deathquote": [
            "[death moan]"
        ],
        "bio": {
            "species": "",
            "age": 10,
            "info": "",
            "backstory": "",
            "likes": "",
            "dislikes": "",
            "fears": "",
            "voice": "",
            "theme": "",
            "height": [
                4,
                0
            ],
            "weight": 0,
            "custom": {}
        },
        "trust": {},
        "mainElement": "sound",
        "teamCombo": {
            "Meran": "The"
        },
        "stats": {
            "atk": 27,
            "mag": 27,
            "prc": 40,
            "end": 40,
            "chr": 40,
            "int": 80,
            "agl": 80,
            "luk": 80
        },
        "basestats": {
            "baseatk": null,
            "basemag": null,
            "baseprc": null,
            "baseend": null,
            "basechr": null,
            "baseint": null,
            "baseagl": null,
            "baseluk": null
        },
        "affinities": {
            "weak": [
                "fire"
            ],
            "resist": [
                "water",
                "ice",
                "grass"
            ],
            "block": [
                "explode"
            ],
            "repel": [],
            "drain": []
        },
        "autolearn": {
            "0": true,
            "1": true,
            "2": true,
            "3": true,
            "4": true,
            "5": true
        },
        "quotes": {
            "meleequote": [
                "[moan]"
            ],
            "physquote": [
                "[moan]"
            ],
            "magquote": [
                "[moan]"
            ],
            "allyatkquote": [],
            "lbquote": [
                "[**THE ULTIMATE MOAN**]"
            ],
            "strongquote": [
                "[moan]"
            ],
            "missquote": [
                "[moan]"
            ],
            "weakquote": [
                "[moan]"
            ],
            "hurtquote": [
                "[hard moan]"
            ],
            "resistquote": [
                "[moan]"
            ],
            "blockquote": [
                "[moan]"
            ],
            "repelquote": [
                "[moan]"
            ],
            "drainquote": [
                "[moan]"
            ],
            "dodgequote": [
                "[moan]"
            ],
            "killquote": [
                "[loud moan]"
            ],
            "allydeathquote": [
                "Oh.              [Moans]"
            ],
            "healquote": [
                "[moan]"
            ],
            "helpedquote": [
                "[MOANING]"
            ],
            "consolequote": [],
            "imfinequote": [],
            "lvlquote": [
                "[moan]"
            ]
        }
    },
    "Smart!Harcvuk": {
        "name": "Smart!Harcvuk",
        "owner": "798092550392381450",
        "level": 71,
        "hp": 530,
        "mp": 295,
        "maxhp": 530,
        "maxmp": 295,
        "basehp": 40,
        "basemp": 15,
        "mpMeter": [
            "Magic Points",
            "MP"
        ],
        "status": "none",
        "statusturns": 0,
        "melee": {
            "name": "Strike Attack",
            "type": "strike",
            "pow": 30,
            "acc": 95,
            "crit": 15
        },
        "weapon": {},
        "armor": {},
        "lb": {
            "1": {
                "name": "VoidingBladeCutter",
                "class": "atk",
                "pow": 200,
                "cost": 100,
                "status": "bleed",
                "statuschance": 40
            },
            "2": {
                "name": "VoidEater",
                "class": "atk",
                "pow": 350,
                "cost": 200,
                "status": "none",
                "statuschance": 0
            },
            "3": {
                "name": "UltimateBladeBlast",
                "class": "atk",
                "pow": 400,
                "cost": 300,
                "status": "none",
                "statuschance": 0
            }
        },
        "xp": 0,
        "maxxp": 11188725,
        "skills": [
            "IronFist",
            "PKGear-Gamma",
            "SteelyStrike",
            "BladeBlast",
            "Pun"
        ],
        "critquote": [
            "It appears that I did more damage then I originally calculated. Nice."
        ],
        "deathquote": [
            "According to my heart. It hasn't been beating for a few seconds now. Well then.. [plop]"
        ],
        "bio": {
            "species": "",
            "age": 10,
            "info": "",
            "backstory": "",
            "likes": "",
            "dislikes": "",
            "fears": "",
            "voice": "",
            "theme": "",
            "height": [
                4,
                0
            ],
            "weight": 0,
            "custom": {}
        },
        "trust": {},
        "mainElement": "metal",
        "lb4": {
            "name": "__UltraWorthyVoiding__",
            "class": "atk",
            "pow": 600,
            "cost": 500,
            "status": "fear",
            "statuschance": 90
        },
        "teamCombo": {
            "Miles": "DoubleArmBlast",
            "John": "UltimateScratcher",
            "Frylo": "FireSpin"
        },
        "stats": {
            "atk": 27,
            "mag": 39,
            "prc": 40,
            "end": 76,
            "chr": 25,
            "int": 40,
            "agl": 78,
            "luk": 76
        },
        "basestats": {
            "baseatk": 4,
            "basemag": 4,
            "baseprc": 5,
            "baseend": 6,
            "basechr": 2,
            "baseint": 5,
            "baseagl": 8,
            "baseluk": 6
        },
        "affinities": {
            "superweak": [
                "fire",
                "ice"
            ],
            "weak": [],
            "resist": [
                "curse",
                "electric"
            ],
            "block": [
                "metal",
                "slash"
            ],
            "repel": [],
            "drain": []
        },
        "autolearn": {
            "0": true,
            "1": true,
            "2": true,
            "3": true,
            "4": true
        },
        "quotes": {
            "meleequote": [
                "This will have a 69% chance to crack your neck open",
                "This has a 69% chance to crack your neck open."
            ],
            "physquote": [
                "If my calcuations are correct, your bones might get broken.",
                "The chances of you surviving this physical attack is slim to none."
            ],
            "magquote": [
                "Time to use my blade. ..What? you thought this thing was all physical? Well, **you thought wrong.**"
            ],
            "allyatkquote": [],
            "lbquote": [
                "**LET'S FUCKING GO! I'M GONNA FUCKING KICK YOUR ASS!!**"
            ],
            "strongquote": [
                "It appears that my attack did more damage then originally intended. Nice."
            ],
            "missquote": [
                "...I might've miscalculated that-",
                "My math might be wrong here.",
                "Wait this doesn't add up at all"
            ],
            "weakquote": [
                "It appears that I'm weak to an attack. Oh no"
            ],
            "hurtquote": [
                "ow.",
                "Okay you got me there."
            ],
            "resistquote": [
                "Yeah that attack will only hurt you."
            ],
            "blockquote": [
                "That's gonna do nothing."
            ],
            "repelquote": [
                "The attack is only gonna hurt you. I suggest you start running."
            ],
            "drainquote": [
                "....am I supposed to say protein??? Why????"
            ],
            "dodgequote": [
                "My calculations were correct. You suck at attacking",
                "I have a 50% chance to dodge your attack. and I did."
            ],
            "killquote": [
                "It looks like I won. Next time, fight someone with smaller brain cells. Like bow."
            ],
            "allydeathquote": [
                "**You kill my ally, I kill you. and that's exactly what I'm going to do.**"
            ],
            "healquote": [
                "Here, let me heal you so that some more ass kicking can happen."
            ],
            "helpedquote": [
                "Oh hey, I feel better. Time to resume kicking some ass."
            ],
            "consolequote": [],
            "imfinequote": [],
            "lvlquote": [
                "**My power has increased by quite a bit...**",
                "**My power is growing.. if I grow it more, I'll be unkillable.**",
                "**Yes.. more power..**"
            ]
        }
    },
    "Frisk": {
        "name": "Frisk",
        "mainElement": "status",
        "weaponclass": "none",
        "armorclass": "none",
        "weapons": {},
        "armors": {},
        "curweapon": {},
        "curarmor": {},
        "owner": "547427816468381717",
        "level": 19,
        "hp": 92,
        "mp": 184,
        "maxhp": 92,
        "maxmp": 184,
        "basehp": 20,
        "basemp": 40,
        "mpMeter": [
            "Magic Points",
            "MP"
        ],
        "melee": {
            "name": "Strike Attack",
            "type": "strike",
            "pow": 30,
            "acc": 95,
            "crit": 15
        },
        "stats": {
            "atk": 25,
            "mag": 7,
            "prc": 14,
            "end": 10,
            "chr": 15,
            "int": 26,
            "agl": 14,
            "luk": 27
        },
        "basestats": {
            "baseatk": 7,
            "basemag": 1,
            "baseprc": 5,
            "baseend": 4,
            "basechr": 6,
            "baseint": 8,
            "baseagl": 5,
            "baseluk": 9
        },
        "lb": 0,
        "xp": 0,
        "maxxp": 6562,
        "affinities": {
            "superweak": [],
            "weak": [],
            "resist": [],
            "block": [],
            "repel": [],
            "drain": []
        },
        "skills": [
            "Pun",
            "Spare"
        ],
        "autolearn": [],
        "quotes": {
            "meleequote": [],
            "physquote": [],
            "magquote": [],
            "allyatkquote": [],
            "lbquote": [],
            "tcquote": [],
            "strongquote": [],
            "badatkquote": [],
            "landedquote": [],
            "missquote": [],
            "superweakquote": [],
            "weakquote": [],
            "hurtquote": [],
            "resistquote": [],
            "blockquote": [],
            "repelquote": [],
            "drainquote": [],
            "dodgequote": [],
            "deathquote": [],
            "killquote": [],
            "pacifyquote": [],
            "allydeathquote": [],
            "healquote": [],
            "helpedquote": [],
            "consolequote": [],
            "imfinequote": [],
            "lvlquote": []
        },
        "bio": {
            "fullname": "",
            "nickname": "",
            "species": "",
            "gender": "other",
            "height": [
                4,
                0
            ],
            "weight": 0,
            "age": 10,
            "info": "",
            "backstory": "",
            "likes": "",
            "dislikes": "",
            "fears": "",
            "voice": "",
            "theme": "",
            "custom": {}
        },
        "trust": {}
    },
    "Spamton": {
        "name": "Spamton",
        "mainElement": "curse",
        "weaponclass": "none",
        "armorclass": "none",
        "weapons": {},
        "armors": {},
        "curweapon": {},
        "curarmor": {},
        "owner": "547427816468381717",
        "level": 20,
        "hp": 154,
        "mp": 158,
        "maxhp": 154,
        "maxmp": 158,
        "basehp": 40,
        "basemp": 25,
        "mpMeter": [
            "Magic Points",
            "MP"
        ],
        "melee": {
            "name": "Strike Attack",
            "type": "strike",
            "pow": 30,
            "acc": 95,
            "crit": 15
        },
        "stats": {
            "atk": 27,
            "mag": 16,
            "prc": 15,
            "end": 10,
            "chr": 26,
            "int": 28,
            "agl": 8,
            "luk": 14
        },
        "basestats": {
            "baseatk": 8,
            "basemag": 6,
            "baseprc": 5,
            "baseend": 4,
            "basechr": 7,
            "baseint": 9,
            "baseagl": 2,
            "baseluk": 4
        },
        "lb": 0,
        "xp": 0,
        "maxxp": 7572,
        "affinities": {
            "superweak": [],
            "weak": [
                "psychic"
            ],
            "resist": [
                "sound"
            ],
            "block": [
                "curse"
            ],
            "repel": [],
            "drain": []
        },
        "skills": [
            "[F1]",
            "Heart Attack"
        ],
        "autolearn": [],
        "quotes": {
            "meleequote": [],
            "physquote": [],
            "magquote": [],
            "allyatkquote": [],
            "lbquote": [],
            "tcquote": [],
            "strongquote": [],
            "badatkquote": [],
            "landedquote": [],
            "missquote": [],
            "superweakquote": [],
            "weakquote": [],
            "hurtquote": [],
            "resistquote": [],
            "blockquote": [],
            "repelquote": [],
            "drainquote": [],
            "dodgequote": [],
            "deathquote": [],
            "killquote": [],
            "pacifyquote": [],
            "allydeathquote": [],
            "healquote": [],
            "helpedquote": [],
            "consolequote": [],
            "imfinequote": [],
            "lvlquote": []
        },
        "bio": {
            "fullname": "",
            "nickname": "",
            "species": "",
            "gender": "other",
            "height": [
                4,
                0
            ],
            "weight": 0,
            "age": 10,
            "info": "",
            "backstory": "",
            "likes": "",
            "dislikes": "",
            "fears": "",
            "voice": "",
            "theme": "",
            "custom": {}
        },
        "trust": {}
    },
    "Kris": {
        "name": "Kris",
        "mainElement": "status",
        "weaponclass": "none",
        "armorclass": "none",
        "weapons": {},
        "armors": {},
        "curweapon": {},
        "curarmor": {},
        "owner": "547427816468381717",
        "level": 20,
        "hp": 96,
        "mp": 192,
        "maxhp": 96,
        "maxmp": 192,
        "basehp": 20,
        "basemp": 40,
        "mpMeter": [
            "Magic Points",
            "MP"
        ],
        "melee": {
            "name": "Strike Attack",
            "type": "strike",
            "pow": 30,
            "acc": 95,
            "crit": 15
        },
        "stats": {
            "atk": 28,
            "mag": 7,
            "prc": 15,
            "end": 10,
            "chr": 16,
            "int": 27,
            "agl": 26,
            "luk": 15
        },
        "basestats": {
            "baseatk": 9,
            "basemag": 1,
            "baseprc": 5,
            "baseend": 4,
            "basechr": 6,
            "baseint": 8,
            "baseagl": 7,
            "baseluk": 5
        },
        "lb": 0,
        "xp": 0,
        "maxxp": 7572,
        "affinities": {
            "superweak": [],
            "weak": [],
            "resist": [],
            "block": [],
            "repel": [],
            "drain": []
        },
        "skills": [
            "XChop",
            "Spare"
        ],
        "autolearn": [],
        "quotes": {
            "meleequote": [],
            "physquote": [],
            "magquote": [],
            "allyatkquote": [],
            "lbquote": [],
            "tcquote": [],
            "strongquote": [],
            "badatkquote": [],
            "landedquote": [],
            "missquote": [],
            "superweakquote": [],
            "weakquote": [],
            "hurtquote": [],
            "resistquote": [],
            "blockquote": [],
            "repelquote": [],
            "drainquote": [],
            "dodgequote": [],
            "deathquote": [],
            "killquote": [],
            "pacifyquote": [],
            "allydeathquote": [],
            "healquote": [],
            "helpedquote": [],
            "consolequote": [],
            "imfinequote": [],
            "lvlquote": []
        },
        "bio": {
            "fullname": "",
            "nickname": "",
            "species": "",
            "gender": "other",
            "height": [
                4,
                0
            ],
            "weight": 0,
            "age": 10,
            "info": "",
            "backstory": "",
            "likes": "",
            "dislikes": "",
            "fears": "",
            "voice": "",
            "theme": "",
            "custom": {}
        },
        "trust": {}
    },
    "Mad": {
        "name": "Mad",
        "mainElement": "psychic",
        "weaponclass": "none",
        "armorclass": "none",
        "weapons": {},
        "armors": {},
        "curweapon": {},
        "curarmor": {},
        "owner": "547427816468381717",
        "level": 40,
        "hp": 254,
        "mp": 298,
        "maxhp": 254,
        "maxmp": 298,
        "basehp": 40,
        "basemp": 25,
        "mpMeter": [
            "Magic Points",
            "MP"
        ],
        "melee": {
            "name": "Strike Attack",
            "type": "strike",
            "pow": 30,
            "acc": 95,
            "crit": 15
        },
        "stats": {
            "atk": 46,
            "mag": 49,
            "prc": 25,
            "end": 16,
            "chr": 26,
            "int": 48,
            "agl": 14,
            "luk": 24
        },
        "basestats": {
            "baseatk": 7,
            "basemag": 10,
            "baseprc": 5,
            "baseend": 3,
            "basechr": 6,
            "baseint": 9,
            "baseagl": 1,
            "baseluk": 4
        },
        "lb": 0,
        "xp": 0,
        "maxxp": 132493,
        "affinities": {
            "superweak": [],
            "weak": [],
            "resist": [],
            "block": [],
            "repel": [],
            "drain": []
        },
        "skills": [
            "Confusion",
            "HorribleArt",
            "Flying Object"
        ],
        "autolearn": [],
        "quotes": {
            "meleequote": [],
            "physquote": [],
            "magquote": [],
            "allyatkquote": [],
            "lbquote": [],
            "tcquote": [],
            "strongquote": [],
            "badatkquote": [],
            "landedquote": [],
            "missquote": [],
            "superweakquote": [],
            "weakquote": [],
            "hurtquote": [],
            "resistquote": [],
            "blockquote": [],
            "repelquote": [],
            "drainquote": [],
            "dodgequote": [],
            "deathquote": [],
            "killquote": [],
            "pacifyquote": [],
            "allydeathquote": [],
            "healquote": [],
            "helpedquote": [],
            "consolequote": [],
            "imfinequote": [],
            "lvlquote": []
        },
        "bio": {
            "fullname": "",
            "nickname": "",
            "species": "",
            "gender": "other",
            "height": [
                4,
                0
            ],
            "weight": 0,
            "age": 10,
            "info": "",
            "backstory": "",
            "likes": "",
            "dislikes": "",
            "fears": "",
            "voice": "",
            "theme": "",
            "custom": {}
        },
        "trust": {}
    },
    "Stat": {
        "name": "Stat",
        "mainElement": "electric",
        "weaponclass": "none",
        "armorclass": "none",
        "weapons": {},
        "armors": {},
        "curweapon": {},
        "curarmor": {},
        "owner": "547427816468381717",
        "level": 20,
        "hp": 115,
        "mp": 196,
        "maxhp": 115,
        "maxmp": 196,
        "basehp": 30,
        "basemp": 35,
        "mpMeter": [
            "Magic Points",
            "MP"
        ],
        "melee": {
            "name": "Cut",
            "type": "slash",
            "pow": 50,
            "acc": 95,
            "crit": 12,
            "status": "bleed",
            "statuschance": 5
        },
        "stats": {
            "atk": 26,
            "mag": 28,
            "prc": 15,
            "end": 9,
            "chr": 16,
            "int": 29,
            "agl": 13,
            "luk": 8
        },
        "basestats": {
            "baseatk": 7,
            "basemag": 9,
            "baseprc": 5,
            "baseend": 3,
            "basechr": 6,
            "baseint": 10,
            "baseagl": 3,
            "baseluk": 2
        },
        "lb": 0,
        "xp": 0,
        "maxxp": 7572,
        "affinities": {
            "superweak": [],
            "weak": [],
            "resist": [],
            "block": [],
            "repel": [],
            "drain": []
        },
        "skills": [
            "XChop",
            "[F1]",
            "ThunderShock"
        ],
        "autolearn": [],
        "quotes": {
            "meleequote": [],
            "physquote": [],
            "magquote": [],
            "allyatkquote": [],
            "lbquote": [],
            "tcquote": [],
            "strongquote": [],
            "badatkquote": [],
            "landedquote": [],
            "missquote": [],
            "superweakquote": [],
            "weakquote": [],
            "hurtquote": [],
            "resistquote": [],
            "blockquote": [],
            "repelquote": [],
            "drainquote": [],
            "dodgequote": [],
            "deathquote": [],
            "killquote": [],
            "pacifyquote": [],
            "allydeathquote": [],
            "healquote": [],
            "helpedquote": [],
            "consolequote": [],
            "imfinequote": [],
            "lvlquote": []
        },
        "bio": {
            "fullname": "",
            "nickname": "",
            "species": "",
            "gender": "other",
            "height": [
                4,
                0
            ],
            "weight": 0,
            "age": 10,
            "info": "",
            "backstory": "",
            "likes": "",
            "dislikes": "",
            "fears": "",
            "voice": "",
            "theme": "",
            "custom": {}
        },
        "trust": {}
    }
}