{
    "Oran Berry": {
        "name": "Oran Berry",
        "rarity": "common",
        "cost": 200,
        "type": "heal",
        "originalAuthor": "547427816468381717",
        "desc": "A Berry to be consumed by Pokémon.\nRestores 100 HP.",
        "heal": 100
    },
    "Spaghetti Code": {
        "name": "Spaghetti Code",
        "rarity": "common",
        "cost": 180,
        "type": "heal",
        "originalAuthor": "547427816468381717",
        "desc": "Spaghetti woven by master coders, made of macarons and ribbons. Heals 90 HP.",
        "heal": 90
    }
}