{
    "oh": {
        "name": "oh",
        "mainElement": "fire",
        "owner": "798092550392381450",
        "level": 1,
        "hp": 1,
        "mp": 1,
        "status": "none",
        "statusturns": 0,
        "melee": {
            "name": "Strike Attack",
            "type": "strike",
            "pow": 30,
            "acc": 95,
            "crit": 15
        },
        "stats": {
            "atk": 1,
            "mag": 1,
            "prc": 1,
            "end": 1,
            "chr": 1,
            "int": 1,
            "agl": 1,
            "luk": 1
        },
        "lb": {},
        "xp": 1,
        "affinities": {
            "superweak": [],
            "weak": [],
            "resist": [],
            "block": [],
            "repel": [],
            "drain": []
        },
        "skills": [],
        "quotes": {
            "meleequote": [],
            "physquote": [],
            "magquote": [],
            "allyatkquote": [],
            "lbquote": [],
            "tcquote": [],
            "strongquote": [],
            "badatkquote": [],
            "landedquote": [],
            "missquote": [],
            "superweakquote": [],
            "weakquote": [],
            "hurtquote": [],
            "resistquote": [],
            "blockquote": [],
            "repelquote": [],
            "drainquote": [],
            "dodgequote": [],
            "deathquote": [],
            "killquote": [],
            "pacifyquote": [],
            "allydeathquote": [],
            "healquote": [],
            "helpedquote": [],
            "consolequote": [],
            "imfinequote": [],
            "lvlquote": []
        },
        "dreams": [],
        "negotiate": [],
        "negotiateDefs": {
            "required": 5
        },
        "loot": "",
        "image": "",
        "type": "miniboss",
        "journal": "I see."
    },
    "BrokenAsFuck": {
        "name": "BrokenAsFuck",
        "mainElement": "almighty",
        "owner": "798092550392381450",
        "level": 1,
        "hp": 1,
        "mp": 1,
        "status": "none",
        "statusturns": 0,
        "melee": {
            "name": "Strike Attack",
            "type": "strike",
            "pow": 30,
            "acc": 95,
            "crit": 15
        },
        "stats": {
            "atk": 1,
            "mag": 1,
            "prc": 1,
            "end": 1,
            "chr": 1,
            "int": 1,
            "agl": 1,
            "luk": 1
        },
        "lb": {},
        "xp": 1,
        "affinities": {
            "superweak": [],
            "weak": [],
            "resist": [],
            "block": [],
            "repel": [],
            "drain": []
        },
        "skills": [],
        "quotes": {
            "meleequote": [],
            "physquote": [],
            "magquote": [],
            "allyatkquote": [],
            "lbquote": [],
            "tcquote": [],
            "strongquote": [],
            "badatkquote": [],
            "landedquote": [],
            "missquote": [],
            "superweakquote": [],
            "weakquote": [],
            "hurtquote": [],
            "resistquote": [],
            "blockquote": [],
            "repelquote": [],
            "drainquote": [],
            "dodgequote": [],
            "deathquote": [],
            "killquote": [],
            "pacifyquote": [],
            "allydeathquote": [],
            "healquote": [],
            "helpedquote": [],
            "consolequote": [],
            "imfinequote": [],
            "lvlquote": []
        },
        "dreams": [],
        "negotiate": [],
        "negotiateDefs": {
            "required": 5
        },
        "loot": "",
        "image": "",
        "type": "boss",
        "journal": "I see."
    },
    "Deltarune": {
        "name": "Deltarune",
        "mainElement": "metal",
        "owner": "547427816468381717",
        "level": 5,
        "hp": 2018,
        "mp": 2021,
        "status": "none",
        "statusturns": 0,
        "melee": {
            "name": "Strike Attack",
            "type": "strike",
            "pow": 30,
            "acc": 95,
            "crit": 15
        },
        "stats": {
            "atk": 1,
            "mag": 13,
            "prc": 12,
            "end": 8,
            "chr": 9,
            "int": 12,
            "agl": 15,
            "luk": 1
        },
        "lb": {},
        "xp": 1997,
        "affinities": {
            "superweak": [],
            "weak": [
                "metal"
            ],
            "resist": [],
            "block": [],
            "repel": [],
            "drain": []
        },
        "skills": [
            "Out of Memory",
            "Alt Routes"
        ],
        "quotes": {
            "meleequote": [],
            "physquote": [],
            "magquote": [],
            "allyatkquote": [],
            "lbquote": [],
            "tcquote": [],
            "strongquote": [],
            "badatkquote": [],
            "landedquote": [],
            "missquote": [],
            "superweakquote": [],
            "weakquote": [],
            "hurtquote": [],
            "resistquote": [],
            "blockquote": [],
            "repelquote": [],
            "drainquote": [],
            "dodgequote": [],
            "deathquote": [],
            "killquote": [],
            "pacifyquote": [],
            "allydeathquote": [],
            "healquote": [],
            "helpedquote": [],
            "consolequote": [],
            "imfinequote": [],
            "lvlquote": []
        },
        "dreams": [],
        "negotiate": [],
        "negotiateDefs": {
            "required": 5
        },
        "loot": "",
        "image": "",
        "type": "boss",
        "journal": "I'm going to mod the game by force!"
    },
    "Crystal's Spritesheet": {
        "name": "Crystal's Spritesheet",
        "mainElement": "metal",
        "owner": "547427816468381717",
        "level": 5,
        "hp": 510,
        "mp": 509,
        "status": "none",
        "statusturns": 0,
        "melee": {
            "name": "Strike Attack",
            "type": "strike",
            "pow": 30,
            "acc": 95,
            "crit": 15
        },
        "stats": {
            "atk": 1,
            "mag": 13,
            "prc": 12,
            "end": 8,
            "chr": 9,
            "int": 12,
            "agl": 15,
            "luk": 1
        },
        "lb": {},
        "xp": 510,
        "affinities": {
            "superweak": [],
            "weak": [],
            "resist": [],
            "block": [],
            "repel": [],
            "drain": []
        },
        "skills": [
            "Crystal Modding Deltarune"
        ],
        "quotes": {
            "meleequote": [],
            "physquote": [],
            "magquote": [],
            "allyatkquote": [],
            "lbquote": [],
            "tcquote": [],
            "strongquote": [],
            "badatkquote": [],
            "landedquote": [],
            "missquote": [],
            "superweakquote": [],
            "weakquote": [],
            "hurtquote": [],
            "resistquote": [],
            "blockquote": [],
            "repelquote": [],
            "drainquote": [],
            "dodgequote": [],
            "deathquote": [],
            "killquote": [],
            "pacifyquote": [],
            "allydeathquote": [],
            "healquote": [],
            "helpedquote": [],
            "consolequote": [],
            "imfinequote": [],
            "lvlquote": []
        },
        "dreams": [],
        "negotiate": [],
        "negotiateDefs": {
            "required": 5
        },
        "loot": "",
        "image": "",
        "type": "miniboss",
        "journal": "You're going into the game one way or another."
    }
}