{
    "Rainbow": {
        "name": "Rainbow",
        "owner": "642841151484985365",
        "level": 58,
        "hp": 333,
        "mp": 373,
        "maxhp": 333,
        "maxmp": 373,
        "basehp": 37,
        "basemp": 26,
        "melee": {
            "name": "Bite",
            "type": "pierce",
            "pow": 30,
            "acc": 95,
            "crit": 15
        },
        "weapon": {},
        "xp": 217154,
        "maxxp": 1741237,
        "skills": [
            "AuraBarrage",
            "AuraSphere",
            "AuraScythe",
            "SharpChomp-III",
            "RevengeBite",
            "WolfBite",
            "Makanda",
            "Makakaja"
        ],
        "critquote": [
            "Huh, must've put more power into that one.",
            "Bullseye!",
            "Pfft, now *that*'s a lotta damage.",
            "~~◊~~ Time to die. ~~◊~~"
        ],
        "deathquote": [
            "Oh, you're kidding me...",
            "Welp, that's it for me...",
            "Had a good run...",
            "*Fuuuuuck.*",
            "*Uaahh!!!*",
            "Yep, I think I'm done here..."
        ],
        "bio": {
            "species": "'Hedgehog'",
            "age": 10,
            "info": "A small-ish purple 'hedgehog' with wolf features who doesn't trust many people well and can turn to violence if he feels threatened. However, that lack of trust was not always there and he can be somewhat nice if enough trust is gained. Otherwise, he would rather stay in solitude for who he is and what he has done.",
            "backstory": "...Not much is known of this being as of yet. Although, one thing about him is certain: there is more to him than he lets on.",
            "likes": "Snow (Neither of the characters :T)",
            "dislikes": "Warm Environments",
            "fears": "Loud Noises (to an extent)",
            "voice": "",
            "theme": "",
            "height": [
                4,
                0
            ],
            "weight": 0,
            "gender": "male",
            "name": "'Rainbow'",
            "custom": {}
        },
        "trust": {
            "Ramia": {
                "value": 25,
                "nextLevel": 100,
                "level": 1
            },
            "Valoria": {
                "value": 75,
                "nextLevel": 170,
                "level": 3
            },
            "Dusk": {
                "value": 5,
                "nextLevel": 100,
                "level": 1
            },
            "Flara": {
                "value": 40,
                "nextLevel": 100,
                "level": 1
            },
            "Sparky": {
                "value": 85,
                "nextLevel": 100,
                "level": 1
            },
            "Sky": {
                "value": 25,
                "nextLevel": 120,
                "level": 2
            },
            "Ira": {
                "value": 0,
                "nextLevel": 120,
                "level": 2
            },
            "Karma": {
                "value": 20,
                "nextLevel": 100,
                "level": 1
            },
            "Croato": {
                "value": 70,
                "nextLevel": 120,
                "level": 2
            },
            "Rattle": {
                "value": 40,
                "nextLevel": 100,
                "level": 1
            },
            "Brainfreeze": {
                "value": 45,
                "nextLevel": 100,
                "level": 1
            },
            "Permic": {
                "value": 45,
                "nextLevel": 100,
                "level": 1
            },
            "Lanagu": {
                "value": 80,
                "nextLevel": 100,
                "level": 1
            },
            "Sutela": {
                "value": 80,
                "nextLevel": 140,
                "level": 3
            },
            "Patella": {
                "value": 60,
                "nextLevel": 120,
                "level": 2
            },
            "Terrly": {
                "value": 60,
                "nextLevel": 120,
                "level": 2
            },
            "Dawn": {
                "value": 30,
                "nextLevel": 100,
                "level": 1
            }
        },
        "charms": [
            "GrubberflysElegy"
        ],
        "curCharms": [
            "GrubberflysElegy"
        ],
        "mainElement": "psychic",
        "mpMeter": [
            "RingPower",
            "<:RING:965554823527292938>"
        ],
        "nickname": "Rain",
        "armor": {},
        "stats": {
            "atk": 34,
            "mag": 67,
            "prc": 63,
            "end": 22,
            "chr": 34,
            "int": 64,
            "agl": 34,
            "luk": 23
        },
        "basestats": {
            "baseatk": 5,
            "basemag": 10,
            "baseprc": 6,
            "baseend": 3,
            "basechr": 5,
            "baseint": 7,
            "baseagl": 5,
            "baseluk": 4
        },
        "affinities": {
            "superweak": [
                "electric"
            ],
            "weak": [
                "fire"
            ],
            "resist": [
                "psychic"
            ],
            "block": [],
            "repel": [],
            "drain": [
                "ice"
            ]
        },
        "autolearn": {},
        "quotes": {
            "meleequote": [
                "Ya!",
                "Chyaa!",
                "Haa!",
                "Why don't ya try this!"
            ],
            "physquote": [
                "Ya!",
                "Chyaa!",
                "Take this!",
                "I abso-- ...No, I'm NOT doing that. Take this!"
            ],
            "magquote": [
                "Survive this!",
                "This should finish you off!",
                "Let's see how you react to my %SKILL%!",
                "You're wide open! %SKILL%!!"
            ],
            "allyatkquote": [
                "Let me help you this time. YA!"
            ],
            "lbquote": [
                "**LET'S DO THIS!! HYAAAAAAA!!!**",
                "**This is the end!! YAAA!!!**"
            ],
            "strongquote": [
                "...Wait, that worked??",
                "Heh, not so strong now are ya?!"
            ],
            "missquote": [
                "Damnit, can't get a straight shot.",
                "~~◊~~ God, I need some target practice. ~~◊~~",
                "{◊ Maybe I should take the wheel, if you're struggling to aim. ◊}"
            ],
            "weakquote": [
                "Grah!!",
                "Gh-!! Gah!",
                "**Y o w ! !**"
            ],
            "hurtquote": [
                "Ow!",
                "Ack!",
                "-Gah!"
            ],
            "resistquote": [
                "Fighting fire with fire eh? ...Nevermind.",
                "Ahahaha... That tickles!"
            ],
            "blockquote": [
                "Barely even a scratch.",
                "That's a certified 'No', pal.",
                "Maybe up the ante a bit?",
                "🎵 Standing here, I realize... You are just like me, trying to make history. 🎵 But you can't actually land a hit."
            ],
            "repelquote": [
                "Right back at'cha!",
                "Hm, nice move ya got there. Hope you don't mind if I *yeet* it back!",
                "Well that backfired horribly... For you, that is.",
                "Watching you hurt yourself isn't funny anymore, please stop...",
                "◊ Nope. ◊"
            ],
            "drainquote": [
                "I'm not even going to question why you did that.",
                "Thanks for the heal, smartie.",
                "Oh, daring today aren't we? Nahh, that won't work.",
                "I feel like I'll win by just twiddling my thumbs...",
                "[Yawn] Let me know when you give up trying to freeze me.",
                "Aww, thanks!"
            ],
            "dodgequote": [
                "Man, you aim like a Star Soldier. Needless to say, you can't.",
                "Aww, am I too fast for ya?",
                "[Lucky!] How sad.",
                "You've got form, but you still need aiming.",
                "Woah, that nearly hit me! ...Keyword being 'nearly', by the way.",
                "I'm not even mad anymore. I'm just disappointed.",
                "This isn't even a 'bruh moment' anymore, what the actual fuck is wrong with you and your aim?",
                "[Ultra Instinct Theme briefly plays]"
            ],
            "killquote": [
                "~~◊~~ Such a shame you couldn't hold on longer. ~~◊~~",
                "Try again and you might lose more than just your dignity.",
                "What, lost your marbles?? Have fun finding them again.",
                "One down!",
                "What the dog doin'? Oh right, winning.",
                "◊ Pathetic. ◊",
                "You always had the right to remain silent. I just gave you the capacity."
            ],
            "allydeathquote": [],
            "healquote": [
                "There ya go.",
                "Just hang on a bit longer...",
                "This should do.",
                "Take a hit, why don't ya?"
            ],
            "helpedquote": [
                "Oh, thanks.",
                "Appreciated.",
                "Aww, thanks!"
            ],
            "consolequote": [
                "Hey, you alright there?",
                "You okay, %ALLY%?"
            ],
            "imfinequote": [],
            "lvlquote": [
                "Whew, what a workout!",
                "Huh, I feel stronger now...",
                "Level Up!"
            ]
        },
        "leaderskill": {
            "name": "EnergyBoost",
            "type": "discount",
            "var1": "psychic",
            "var2": 20
        },
        "lb": {
            "1": {
                "name": "FusionPunch",
                "class": "atk",
                "pow": 400,
                "cost": 100,
                "status": "none",
                "statuschance": 0
            }
        }
    },
    "NewRainbow": {
        "name": "NewRainbow",
        "mainElement": "psychic",
        "weaponclass": "none",
        "armorclass": "none",
        "weapons": {},
        "armors": {},
        "curweapon": {},
        "curarmor": {},
        "owner": "642841151484985365",
        "level": 7,
        "hp": 41,
        "mp": 79,
        "maxhp": 41,
        "maxmp": 79,
        "basehp": 20,
        "basemp": 40,
        "mpMeter": [
            "Magic Points",
            "MP"
        ],
        "melee": {
            "name": "Bite",
            "type": "pierce",
            "pow": 35,
            "acc": 95,
            "crit": 10
        },
        "stats": {
            "atk": 8,
            "mag": 16,
            "prc": 13,
            "end": 5,
            "chr": 6,
            "int": 11,
            "agl": 7,
            "luk": 7
        },
        "basestats": {
            "baseatk": 5,
            "basemag": 10,
            "baseprc": 7,
            "baseend": 3,
            "basechr": 4,
            "baseint": 5,
            "baseagl": 4,
            "baseluk": 4
        },
        "lb": 0,
        "xp": 0,
        "maxxp": 1179,
        "affinities": {
            "superweak": [
                "electric"
            ],
            "weak": [
                "fire",
                "earth"
            ],
            "resist": [
                "psychic",
                "poison"
            ],
            "block": [
                "ice"
            ],
            "repel": [],
            "drain": []
        },
        "skills": [
            "NoSlot",
            "LightChomp",
            "AuraSphereZero"
        ],
        "autolearn": [
            null,
            true,
            true
        ],
        "quotes": {
            "meleequote": [],
            "physquote": [],
            "magquote": [],
            "allyatkquote": [],
            "lbquote": [],
            "tcquote": [],
            "strongquote": [],
            "badatkquote": [],
            "landedquote": [],
            "missquote": [],
            "superweakquote": [],
            "weakquote": [],
            "hurtquote": [],
            "resistquote": [],
            "blockquote": [],
            "repelquote": [],
            "drainquote": [],
            "dodgequote": [],
            "deathquote": [],
            "killquote": [],
            "pacifyquote": [],
            "allydeathquote": [],
            "healquote": [],
            "helpedquote": [],
            "consolequote": [],
            "imfinequote": [],
            "lvlquote": []
        },
        "bio": {
            "fullname": "",
            "nickname": "",
            "species": "",
            "gender": "male",
            "height": [
                3,
                5
            ],
            "weight": 0,
            "age": 1,
            "info": "",
            "backstory": "",
            "likes": "",
            "dislikes": "",
            "fears": "",
            "voice": "",
            "theme": "",
            "custom": {}
        },
        "trust": {},
        "statusaffinities": {
            "resist": [
                "freeze"
            ],
            "weak": [
                "dizzy"
            ]
        }
    }
}