{
    "lmao": {
        "name": "lmao",
        "rarity": "rare",
        "cost": 12,
        "type": "skill",
        "originalAuthor": "441198920668938260",
        "skill": "Lmao"
    },
    "S": {
        "name": "S",
        "rarity": "common",
        "cost": 100,
        "type": "healmp",
        "originalAuthor": "441198920668938260",
        "healmp": 60,
        "recipe": {
            "amount": 1,
            "shapeless": false,
            "recipe": {
                "0": "Sweet",
                "3": "Sweet",
                "8": "Sweet"
            }
        }
    },
    "Sweet": {
        "name": "Sweet",
        "rarity": "sentient",
        "cost": 0,
        "type": "healmp",
        "originalAuthor": "441198920668938260",
        "image": "https://cdn.discordapp.com/emojis/963788061731348510.webp",
        "healmp": 20
    },
    "Sky": {
        "name": "Sky",
        "rarity": "artifact",
        "cost": 10000,
        "type": "healmp",
        "originalAuthor": "441198920668938260",
        "desc": "Sky we love your energy",
        "healmp": 99999
    },
    "Test-boi": {
        "name": "Test-boi",
        "rarity": "common",
        "cost": 99999,
        "type": "heal",
        "originalAuthor": "621307633718132746",
        "heal": 1
    }
}