{
    "Beef": {
        "name": "Beef",
        "originalAuthor": "441198920668938260",
        "items": [
            {
                "type": "weapon",
                "id": "Buff",
                "amount": 5,
                "chance": 23.5
            },
            {
                "type": "weapon",
                "id": "Buff",
                "amount": 5,
                "chance": 23.5
            },
            {
                "type": "weapon",
                "id": "Buff",
                "amount": 5,
                "chance": 23.5
            },
            {
                "type": "weapon",
                "id": "Buff",
                "amount": 5,
                "chance": 23.5
            },
            {
                "type": "weapon",
                "id": "Buff",
                "amount": 5,
                "chance": 23.5
            },
            {
                "type": "weapon",
                "id": "Buff",
                "amount": 5,
                "chance": 23.5
            },
            {
                "type": "weapon",
                "id": "Buff",
                "amount": 5,
                "chance": 23.5
            },
            {
                "type": "weapon",
                "id": "Buff",
                "amount": 5,
                "chance": 23.5
            },
            {
                "type": "weapon",
                "id": "Buff",
                "amount": 5,
                "chance": 23.5
            },
            {
                "type": "weapon",
                "id": "Buff",
                "amount": 5,
                "chance": 23.5
            },
            {
                "type": "weapon",
                "id": "Buff",
                "amount": 5,
                "chance": 23.5
            },
            {
                "type": "weapon",
                "id": "Buff",
                "amount": 5,
                "chance": 23.5
            },
            {
                "type": "weapon",
                "id": "Buff",
                "amount": 5,
                "chance": 23.5
            },
            {
                "type": "weapon",
                "id": "Buff",
                "amount": 5,
                "chance": 23.5
            },
            {
                "type": "weapon",
                "id": "Buff",
                "amount": 5,
                "chance": 23.5
            }
        ]
    },
    "Grassimp": {
        "name": "Grassimp",
        "originalAuthor": "516359709779820544",
        "items": [
            {
                "type": "item",
                "id": "Sweet",
                "amount": 25,
                "chance": 33.3333333
            }
        ]
    }
}