{
    "Lanagu": {
        "name": "Lanagu",
        "owner": "532291526634635285",
        "level": 7,
        "hp": 66,
        "mp": 63,
        "maxhp": 66,
        "maxmp": 63,
        "basehp": 30,
        "basemp": 30,
        "melee": {
            "name": "Dive Press",
            "type": "strike",
            "pow": 30,
            "acc": 95,
            "crit": 15
        },
        "xp": 1387431,
        "maxxp": 1179,
        "skills": [
            "Eiha",
            "Jin",
            "Rakunda"
        ],
        "critquote": [
            "Cash Money!",
            "**Critical shit** is here"
        ],
        "deathquote": [
            "https://youtu.be/-G-AuLXhTN4",
            "https://youtu.be/zJ3qtWOz9tE"
        ],
        "bio": {
            "species": "Hedgefox",
            "age": 10,
            "info": "A literal lab experiment of fox and hedgehog genes, and the fusion of a shadowy being. He typically will be cold to those he doesn't trust, but it takes a bit for him to get comfy with others. He wishes that one day he could have a small family without the worries of the world pressing down into it.\n\n<Advantages> Enhanced reflexes, darkness melding, no need for sleep\n\n<Disadvantages> Weakened by fires, Bright lights (manmade), disorient him, Very low reproduction rate (0.001 out of 100, or known as 0.1%)",
            "backstory": "[Looks like there's a campfire with mutton and tea here, nothing else](<https://www.youtube.com/watch?v=-wKiNZ-u-HA>)\n\n",
            "likes": "Darkness, Friends, The feeling of  serenity, Simple puzzles",
            "dislikes": "Blinding lights, Being soaked by water, Fires",
            "fears": "Death of a Trusted ally, being forcibly cut off, Claustrophobia (Minor), Being forced out by those trusted, Scientists in Biological Sciences",
            "voice": "Pavel (Metro: Last Light) + Goro Akechi",
            "theme": "[Intense Fight](<https://youtu.be/Kbw6hF7tHns>)\n[PvP Fights](<https://youtu.be/GiJmy9UtJKg>)\n[Difficult Fights](<https://youtu.be/acP7YhN8r1s>)\n[Ordinary Fight](<https://www.youtube.com/watch?v=01skyPMeeoc>)",
            "appearance": "https://cdn.discordapp.com/attachments/820036937791438859/883755899464863835/Lanagu-1.png",
            "height": [
                4,
                0
            ],
            "weight": 0,
            "gender": "male",
            "custom": {}
        },
        "trust": {
            "Sky": {
                "value": -105,
                "nextLevel": 220,
                "level": 4,
                "dislike": 100
            },
            "Flara": {
                "value": 65,
                "nextLevel": 600,
                "level": 14
            },
            "Karma": {
                "value": 0,
                "nextLevel": 200,
                "level": 3
            },
            "Sun": {
                "value": 65,
                "nextLevel": 320,
                "level": 9
            },
            "Sutela": {
                "value": 110,
                "nextLevel": 150,
                "level": 2
            },
            "Ira": {
                "value": 155,
                "nextLevel": 210,
                "level": 5
            },
            "Euphorica": {
                "value": 10,
                "nextLevel": 120,
                "level": 2
            },
            "Hurricane": {
                "value": 25,
                "nextLevel": 100,
                "level": 1
            },
            "Valoria": {
                "value": 195,
                "nextLevel": 490,
                "level": 10
            },
            "Sparky": {
                "value": 5,
                "nextLevel": 120,
                "level": 2
            },
            "XCyan": {
                "value": 25,
                "nextLevel": 100,
                "level": 1
            },
            "Harcvuk": {
                "value": 25,
                "nextLevel": 100,
                "level": 1
            },
            "Rainbow": {
                "value": 60,
                "nextLevel": 100,
                "level": 1
            },
            "Ramia": {
                "value": 40,
                "nextLevel": 100,
                "level": 1
            },
            "Croato": {
                "value": 10,
                "nextLevel": 160,
                "level": 4
            },
            "Melarue": {
                "value": 40,
                "nextLevel": 100,
                "level": 1
            },
            "Axel": {
                "value": 30,
                "nextLevel": 100,
                "level": 1
            },
            "Lena": {
                "value": 30,
                "nextLevel": 100,
                "level": 1
            },
            "Bow": {
                "value": 30,
                "nextLevel": 100,
                "level": 1
            },
            "Permic": {
                "value": 30,
                "nextLevel": 100,
                "level": 1
            },
            "Dusk": {
                "value": 30,
                "nextLevel": 100,
                "level": 1
            },
            "Monum": {
                "value": 20,
                "nextLevel": 180,
                "level": 5
            },
            "Foresa": {
                "value": 130,
                "nextLevel": 180,
                "level": 5
            }
        },
        "weapon": {},
        "charms": [],
        "curCharms": [],
        "mainElement": "curse",
        "nickname": "Lan",
        "mpMeter": [
            "Magic Points",
            "MP"
        ],
        "transformations": {
            "AwakenedDark": {
                "name": "AwakenedDark",
                "requirement": "trusteddown",
                "desc": "",
                "hp": 10,
                "atk": 3,
                "mag": 3,
                "prc": 3,
                "end": -3,
                "chr": -3,
                "int": -2,
                "agl": 2,
                "luk": 3,
                "tp": 0,
                "tpmax": 10,
                "level": 1
            }
        },
        "armor": {},
        "teamCombo": {
            "Foresa": "DarkenedPast",
            "Flara": "CursedBlizzard",
            "Ira": "PsychoticDark"
        },
        "stats": {
            "atk": 14,
            "mag": 14,
            "prc": 7,
            "end": 9,
            "chr": 4,
            "int": 8,
            "agl": 13,
            "luk": 5
        },
        "basestats": {
            "baseatk": 8,
            "basemag": 8,
            "baseprc": 4,
            "baseend": 6,
            "basechr": 2,
            "baseint": 5,
            "baseagl": 7,
            "baseluk": 3
        },
        "affinities": {
            "weak": [
                "earth",
                "fire",
                "bless"
            ],
            "resist": [
                "grass"
            ],
            "block": [
                "curse"
            ],
            "repel": [],
            "drain": []
        },
        "autolearn": {},
        "quotes": {
            "meleequote": [],
            "physquote": [
                "I ABSOLUTELY MUST FUCK AROUND, AND ADDITIONALLY FIND OUT!"
            ],
            "magquote": [
                "*Best prepare your mind now for this!*",
                "Time to make your worst nightmare come to life!",
                "Time to make your mind fuck you over",
                "Time for a change in pace!"
            ],
            "lbquote": [],
            "strongquote": [
                "*Join in the shadows, or you shall suffer more!*",
                "**FOR THE MOTHERLAND!!!**"
            ],
            "missquote": [
                "Chert voz'mi, ya propustil"
            ],
            "weakquote": [
                "***AAAAAA MY EYES***"
            ],
            "hurtquote": [
                "Tch, that won't help",
                "Ow, that really hurts",
                "It's your funeral"
            ],
            "resistquote": [
                "Thanks for the free body rinse"
            ],
            "blockquote": [
                "Ok?"
            ],
            "repelquote": [
                "Didn't you realize *I* am the dark"
            ],
            "drainquote": [
                "Yum, thanks for the meal"
            ],
            "dodgequote": [
                "https://youtu.be/lhckuhUxcgA",
                "....did you even aim?",
                "Oh hohoho, you thought that would work?",
                "What? Did you expect another result?"
            ],
            "killquote": [
                "Look whom is begging for mercy, folks",
                "We're not done yet, bois. Those were the eaaaasy ones!",
                "What a really good plan, your defeat"
            ],
            "allydeathquote": [
                "%ENEMY%, This marks your end of the free trial of being alive.",
                "You're in for a bad time!"
            ],
            "healquote": [],
            "helpedquote": [
                "👍"
            ],
            "lvlquote": [
                "Finally, a step forward",
                "Power courses through me"
            ]
        },
        "leaderskill": {
            "name": "ShadowEyes",
            "type": "buff",
            "var1": "prc",
            "var2": 1
        },
        "lb": {}
    },
    "Bow": {
        "name": "Bow",
        "owner": "498041248616153098",
        "level": 30,
        "hp": 153,
        "mp": 147,
        "maxhp": 153,
        "maxmp": 147,
        "basehp": 32,
        "basemp": 23,
        "melee": {
            "name": "Strike Attack",
            "type": "strike",
            "pow": 30,
            "acc": 95,
            "crit": 15
        },
        "xp": 0,
        "maxxp": 31674,
        "skills": [
            "MegatoneRad",
            "FilletDine",
            "JeanO'Dine",
            "Shelf-Disstrack",
            "MetalBar",
            "MacaroniCheeseSaladWithTarAndCake"
        ],
        "critquote": [
            "[hell yea](https://www.youtube.com/watch?v=-T-F-sYy5VE)"
        ],
        "deathquote": [
            "clearly you have never owned bread",
            "i got nothin to say in this circumstance so uh.                                        ",
            "y'know accidents do happen",
            "how unfortunate i literally JUST bet 7 rings that i wouldnt die",
            "woohoo i just bet 7 rings that i'd die business is boomin",
            "[It does appear](https://upload.wikimedia.org/wikipedia/commons/c/c1/BSoD_in_Windows_1.0.png)"
        ],
        "bio": {
            "info": "Bow is a dumb shit bitch ass clusterfuck scrap known for being a dumb shit bitch ass clusterfuck scrap. for more info, see [Bow (Versions)](https://www.youtube.com/watch?v=dQw4w9WgXcQ)",
            "backstory": "<https://cdn.discordapp.com/attachments/865710498786967562/970425672021442560/BOW_LORE.png>",
            "voice": "",
            "theme": "",
            "species": "Robot Hedgehog",
            "age": 10,
            "likes": "",
            "dislikes": "",
            "fears": "",
            "height": [
                4,
                0
            ],
            "weight": 0,
            "gender": "",
            "custom": {}
        },
        "trust": {
            "Flara": {
                "value": 40,
                "nextLevel": 100,
                "level": 1
            },
            "Ramia": {
                "value": 50,
                "nextLevel": 120,
                "level": 2
            },
            "Croato": {
                "value": 60,
                "nextLevel": 120,
                "level": 2
            },
            "Melarue": {
                "value": 80,
                "nextLevel": 120,
                "level": 2
            },
            "Valoria": {
                "value": 35,
                "nextLevel": 100,
                "level": 1
            },
            "Axel": {
                "value": 20,
                "nextLevel": 120,
                "level": 2
            },
            "Sun": {
                "value": 20,
                "nextLevel": 120,
                "level": 2
            },
            "Lena": {
                "value": 30,
                "nextLevel": 100,
                "level": 1
            },
            "Lanagu": {
                "value": 30,
                "nextLevel": 100,
                "level": 1
            },
            "Euphorica": {
                "value": 30,
                "nextLevel": 120,
                "level": 2
            },
            "Permic": {
                "value": 20,
                "nextLevel": 120,
                "level": 2
            },
            "Dusk": {
                "value": 20,
                "nextLevel": 120,
                "level": 2
            },
            "SAUM-052": {
                "value": 20,
                "nextLevel": 120,
                "level": 2
            },
            "Bayrero": {
                "value": 110,
                "nextLevel": 120,
                "level": 2
            },
            "John": {
                "value": 20,
                "nextLevel": 140,
                "level": 3
            },
            "Miles": {
                "value": 80,
                "nextLevel": 120,
                "level": 2
            },
            "Frylo": {
                "value": 110,
                "nextLevel": 120,
                "level": 2
            },
            "DemonicDesire": {
                "value": 50,
                "nextLevel": 120,
                "level": 2
            },
            "Karma": {
                "value": 60,
                "nextLevel": 100,
                "level": 1
            },
            "Harcvuk": {
                "value": 60,
                "nextLevel": 100,
                "level": 1
            },
            "Ira": {
                "value": 60,
                "nextLevel": 100,
                "level": 1
            },
            "Exetior": {
                "value": 30,
                "nextLevel": 100,
                "level": 1
            }
        },
        "weapon": {},
        "charms": [],
        "curCharms": [
            "GrubberflysElegy"
        ],
        "mainElement": "strike",
        "mpMeter": [
            "🍿",
            "🍿"
        ],
        "nickname": "Dumb stupid mf",
        "armor": {},
        "lb4": {
            "name": "4BasicPunches",
            "class": "atk",
            "pow": 4,
            "cost": 8.273882999873248e+251,
            "status": "no",
            "statuschance": 0
        },
        "hidden": false,
        "stats": {
            "atk": 19,
            "mag": 34,
            "prc": 19,
            "end": 12,
            "chr": 11,
            "int": 33,
            "agl": 33,
            "luk": 18
        },
        "basestats": {
            "baseatk": 4,
            "basemag": 5,
            "baseprc": 4,
            "baseend": 2,
            "basechr": 1,
            "baseint": 4,
            "baseagl": 4,
            "baseluk": 3
        },
        "affinities": {
            "superweak": [
                "water",
                "explode"
            ],
            "weak": [
                "ice"
            ],
            "resist": [
                "bless"
            ],
            "block": [],
            "repel": [],
            "drain": [
                "electric"
            ]
        },
        "autolearn": {
            "0": true,
            "1": true,
            "2": true,
            "3": true,
            "4": true,
            "5": true,
            "true": true
        },
        "quotes": {
            "meleequote": [
                "FREE PHYSICAL DAMAGE\\*    \\*Damage may not be included"
            ],
            "physquote": [
                "I ABSOLUTELY MUST- oops wrong file I ABSOLUTELY MUST NOT MESS AROUND, AND SHALL NOT FIND OUT ANYTHING EITHER!"
            ],
            "magquote": [
                "a",
                "A",
                "b",
                "B",
                "c",
                "C",
                "d",
                "D",
                "e",
                "E",
                "f",
                "F",
                "g",
                "G",
                "h",
                "H",
                "i",
                "I",
                "j",
                "J",
                "k",
                "K",
                "l",
                "L",
                "m",
                "M",
                "n",
                "N",
                "o",
                "O",
                "p",
                "P",
                "q",
                "Q",
                "r",
                "R",
                "s",
                "S",
                "t",
                "T",
                "u",
                "U",
                "v",
                "V",
                "w",
                "W",
                "x",
                "X",
                "y",
                "Y",
                "z",
                "Z",
                "0",
                "1",
                "2",
                "3",
                "4",
                "5",
                "6",
                "7",
                "8",
                "9",
                "!",
                "'",
                "£",
                "$",
                "%",
                "^",
                "&",
                "*",
                "(",
                ")",
                "-",
                "_",
                "+",
                "=",
                "`",
                "¬",
                "[",
                "{",
                "]",
                "}",
                "#",
                "~",
                ";",
                ":",
                "'",
                "@",
                ",",
                "<",
                ".",
                ">",
                "/",
                "?",
                "😀",
                "😃",
                "😄",
                "😁",
                "😆",
                "😅",
                "😂",
                "🤣",
                "☺️",
                "😊",
                "😇",
                "🙂",
                "🙃",
                "😌",
                "😉",
                "🥲",
                "😍",
                "🥰",
                "😘",
                "😗",
                "😙",
                "😚",
                "😋",
                "😛",
                "😝",
                "😜",
                "🤪",
                "🤨🧐🤓😎🤩🥳😏😒😞",
                "🤨",
                "🧐",
                "🤓",
                "😎",
                "🤩",
                "🥳",
                "😏",
                "😒",
                "😞",
                "😔",
                "😟",
                "😕",
                "🙁",
                "☹️",
                "😣",
                "😖",
                "😫",
                "😩",
                "🥺",
                "😢",
                "😭",
                "😤",
                "😮‍💨",
                "😠",
                "😡",
                "🤬",
                "🤯",
                "😳",
                "😶‍🌫️",
                "🥵",
                "🥶",
                "😱",
                "😨",
                "😰",
                "😥",
                "😓",
                "🤗",
                "🤔",
                "🤭",
                "🥱",
                "🤫",
                "🤥",
                "😐",
                "😶",
                "😑",
                "😪",
                "😵",
                "😵‍💫",
                "🤐",
                "🥴",
                "🤢",
                "🤮",
                "🤧",
                "😷",
                "🤒",
                "🤕",
                "🤑",
                "🤠",
                "🥸",
                "😈",
                "👿",
                "👹",
                "👺",
                "🤡",
                "💩",
                "👻",
                "💀",
                "☠️",
                "👽",
                "👾🤖🎃",
                "👾",
                "🤖🎃",
                "🤖",
                "🎃",
                "😺",
                "😸",
                "😹",
                "😻",
                "😼",
                "😽",
                "🙀",
                "😿",
                "😾",
                "🤲",
                "👐",
                "🙌",
                "👏",
                "🤝",
                "👍",
                "👎",
                "👊",
                "✊",
                "🤛",
                "🤜",
                "🤞",
                "✌️",
                "🤟",
                "👌",
                "🤏",
                "🤌",
                "👈",
                "👉",
                "👆",
                "👇",
                "☝️",
                "✋",
                "🤚",
                "🖐️",
                "🖖",
                "👋",
                "🤙",
                "💪",
                "🦾",
                "🖕",
                "✍️",
                "🙏",
                "🦶",
                "🦵",
                "🦿",
                "💄",
                "💋",
                "👄",
                "🦷",
                "👅",
                "👂",
                "🦻",
                "👃",
                "👣",
                "👁️",
                "👀",
                "🧠",
                "🫀",
                "🫁",
                "🦴",
                "🗣️",
                "👤",
                "👥",
                "🫂",
                "There is no way that this %SKILL% will end up in the toilet, unless its like shit or something idk"
            ],
            "allyatkquote": [],
            "lbquote": [],
            "strongquote": [],
            "missquote": [
                "Adding this to the list of things that I will most likely regret.",
                "The good part of aim is that you can save lives when it's bad enough"
            ],
            "weakquote": [],
            "hurtquote": [
                "🇧🇬"
            ],
            "resistquote": [],
            "blockquote": [],
            "repelquote": [],
            "drainquote": [
                "delicious energy of the electrical variety is there a remaining amount of this energy in your current possession"
            ],
            "dodgequote": [
                "I am SO sorry I tripped over a rock I will let you cut my throat in half next time, promise",
                "Ok, I didn't trip over a rock this time, I legitimately feared for my own safety.       Sorry."
            ],
            "killquote": [],
            "allydeathquote": [
                "[clik here 2 forgiv sins.](https://cdn.discordapp.com/attachments/332395412168376320/930502749441904681/Normal_Vid.mp4)",
                "wait you died man i hope i can get a funeral sorted out for you that sucks"
            ],
            "healquote": [
                "[ok](https://www.youtube.com/watch?v=m9olo6VcIQY)"
            ],
            "helpedquote": [
                "Thank you."
            ],
            "consolequote": [],
            "imfinequote": [],
            "lvlquote": [
                "Hell yeah, strength harvested from the mercy and/or slaughter of all that oppose us!"
            ]
        },
        "lb": {
            "1": {
                "name": "BasicPunch",
                "class": "atk",
                "pow": 1,
                "cost": 10000,
                "status": "no",
                "statuschance": 0
            },
            "2": {
                "name": "BasicPunches",
                "class": "atk",
                "pow": 2,
                "cost": 82010040004020770,
                "status": "no",
                "statuschance": 0
            },
            "3": {
                "name": "3BasicPunches",
                "class": "atk",
                "pow": 3,
                "cost": 8.27388299273078e+69,
                "status": "no",
                "statuschance": 0
            }
        }
    }
}