{
    "alleyway deals!!! (amazing!!!!)": {
        "name": "ALLEYWAY DEALS!!! (AMAZING!!!!)",
        "cansell": false,
        "items": [
            {
                "type": "weapon",
                "item": "Puppet Strings",
                "cost": 1000,
                "desc": "A bunch of strings that can be attached to someone to increase their magic."
            },
            {
                "type": "weapon",
                "item": "Showstarter",
                "cost": 3000,
                "desc": "Cyan and yellow glasses.\nWearing those gives a strange sense of dread and comfort combined."
            },
            {
                "type": "weapon",
                "item": "Crash Hammer",
                "cost": 1200,
                "desc": "A hammer with a pattern resembling a blue screen.\nHopefully you don't crash while using this..."
            },
            {
                "type": "weapon",
                "item": "NightmareKnife",
                "cost": 1200,
                "desc": "A red knife.\nHolding it makes you feel like you're burning..."
            },
            {
                "type": "item",
                "item": "Half-Sandwich",
                "cost": 300,
                "desc": "Literally just half of a sandwich.\nHeals 45 HP."
            },
            {
                "type": "item",
                "item": "Quarter Sandwich",
                "cost": 600,
                "desc": "...It's just a quarter of a sandwich...\nYou have the feeling you've been scammed."
            },
            {
                "type": "item",
                "item": "Scam Reminder",
                "cost": 2000,
                "desc": "A reminder that you've been scammed.\nCongratulations!"
            }
        ],
        "color": "#7a1730"
    }
}