{
    "paprika mart": {
        "name": "Paprika Mart",
        "cansell": false,
        "items": [
            {
                "type": "item",
                "item": "Potion",
                "cost": 100,
                "desc": "A basic potion, formed with common ingredients. Restores the consumer's HP by 50."
            },
            {
                "type": "item",
                "item": "MP Potion",
                "cost": 100,
                "desc": "A basic potion, formed with common ingredients. Restores the consumer's MP by 50."
            },
            {
                "type": "item",
                "item": "Bottle of Water",
                "cost": 50,
                "desc": "A refreshing, ice cold bottle of water! Nothing better to calm you down after a long day... Unfor..."
            },
            {
                "type": "item",
                "item": "Splen Berry",
                "cost": 45,
                "desc": "A typical berry you find all throughout Yaretza, yet it does many wonders on its own to heal 75 hp."
            },
            {
                "type": "item",
                "item": "Corsela Berry",
                "cost": 50,
                "desc": "Common berry often growing on the trees of Yaretza. Used in many potions! Restores 20MP to the co..."
            },
            {
                "type": "item",
                "item": "Wood",
                "cost": 20,
                "desc": "Just your run of the mill wood used for virtually everything in a crafting aspect."
            }
        ]
    }
}