{
    "Sweet": {
        "name": "Sweet",
        "rarity": "sentient",
        "cost": 0,
        "type": "healhpmp",
        "originalAuthor": "441198920668938260",
        "healhpmp": 10,
        "image": "https://cdn.discordapp.com/emojis/963788061731348510.webp",
        "recipe": {
            "amount": 2,
            "shapeless": true,
            "recipe": [
                0,
                "S",
                1,
                "T"
            ]
        }
    },
    "S": {
        "name": "S",
        "rarity": "common",
        "cost": 50,
        "type": "heal",
        "originalAuthor": "441198920668938260",
        "heal": 60
    },
    "T": {
        "name": "T",
        "rarity": "common",
        "cost": 50,
        "type": "healmp",
        "originalAuthor": "441198920668938260",
        "healmp": 60
    }
}