{
    "Lanagu": {
        "name": "Lanagu",
        "owner": "532291526634635285",
        "level": 7,
        "hp": 55,
        "mp": 74,
        "maxhp": 55,
        "maxmp": 74,
        "basehp": 25,
        "basemp": 35,
        "melee": {
            "name": "Dive Press",
            "type": "strike",
            "pow": 30,
            "acc": 95,
            "crit": 15
        },
        "xp": 1387431,
        "maxxp": 1179,
        "skills": [
            "Eiha",
            "Jin",
            "Rakunda"
        ],
        "critquote": [
            "Cash Money!",
            "**Critical shit** is here"
        ],
        "deathquote": [
            "https://youtu.be/-G-AuLXhTN4",
            "https://youtu.be/zJ3qtWOz9tE"
        ],
        "bio": {
            "species": "Hedgefox",
            "age": 10,
            "info": "A literal lab experiment of fox and hedgehog genes, and the fusion of a shadowy being. He typically will be cold to those he doesn't trust, but it takes a bit for him to get comfy with others. He wishes that one day he could have a small family without the worries of the world pressing down into it.\n\n<Advantages> Enhanced reflexes, darkness melding, no need for sleep\n\n<Disadvantages> Weakened by fires, Bright lights (manmade), disorient him, Very low reproduction rate (0.001 out of 100, or known as 0.1%)",
            "backstory": "[Looks like there's a campfire with mutton and tea here, nothing else](<https://www.youtube.com/watch?v=-wKiNZ-u-HA>)\n\n",
            "likes": "Darkness, Friends, The feeling of  serenity, Simple puzzles",
            "dislikes": "Blinding lights, Being soaked by water, Fires",
            "fears": "Death of a Trusted ally, being forcibly cut off, Claustrophobia (Minor), Being forced out by those trusted, Scientists in Biological Sciences",
            "voice": "Pavel (Metro: Last Light) + Goro Akechi",
            "theme": "[Intense Fight](<https://youtu.be/Kbw6hF7tHns>)\n[PvP Fights](<https://youtu.be/GiJmy9UtJKg>)\n[Difficult Fights](<https://youtu.be/acP7YhN8r1s>)\n[Ordinary Fight](<https://www.youtube.com/watch?v=01skyPMeeoc>)",
            "appearance": "https://cdn.discordapp.com/attachments/820036937791438859/883755899464863835/Lanagu-1.png",
            "height": [
                4,
                0
            ],
            "weight": 0,
            "gender": "male",
            "custom": {}
        },
        "trust": {
            "Sky": {
                "value": -105,
                "nextLevel": 220,
                "level": 4,
                "dislike": 100
            },
            "Flara": {
                "value": 65,
                "nextLevel": 600,
                "level": 14
            },
            "Karma": {
                "value": 0,
                "nextLevel": 200,
                "level": 3
            },
            "Sun": {
                "value": 65,
                "nextLevel": 320,
                "level": 9
            },
            "Sutela": {
                "value": 110,
                "nextLevel": 150,
                "level": 2
            },
            "Ira": {
                "value": 155,
                "nextLevel": 210,
                "level": 5
            },
            "Euphorica": {
                "value": 10,
                "nextLevel": 120,
                "level": 2
            },
            "Hurricane": {
                "value": 25,
                "nextLevel": 100,
                "level": 1
            },
            "Valoria": {
                "value": 195,
                "nextLevel": 490,
                "level": 10
            },
            "Sparky": {
                "value": 5,
                "nextLevel": 120,
                "level": 2
            },
            "XCyan": {
                "value": 25,
                "nextLevel": 100,
                "level": 1
            },
            "Harcvuk": {
                "value": 25,
                "nextLevel": 100,
                "level": 1
            },
            "Rainbow": {
                "value": 60,
                "nextLevel": 100,
                "level": 1
            },
            "Ramia": {
                "value": 40,
                "nextLevel": 100,
                "level": 1
            },
            "Croato": {
                "value": 10,
                "nextLevel": 160,
                "level": 4
            },
            "Melarue": {
                "value": 40,
                "nextLevel": 100,
                "level": 1
            },
            "Axel": {
                "value": 30,
                "nextLevel": 100,
                "level": 1
            },
            "Lena": {
                "value": 30,
                "nextLevel": 100,
                "level": 1
            },
            "Bow": {
                "value": 30,
                "nextLevel": 100,
                "level": 1
            },
            "Permic": {
                "value": 30,
                "nextLevel": 100,
                "level": 1
            },
            "Dusk": {
                "value": 30,
                "nextLevel": 100,
                "level": 1
            },
            "Monum": {
                "value": 20,
                "nextLevel": 180,
                "level": 5
            },
            "Foresa": {
                "value": 130,
                "nextLevel": 180,
                "level": 5
            }
        },
        "weapon": {},
        "charms": [],
        "curCharms": [],
        "mainElement": "curse",
        "nickname": "Lan",
        "mpMeter": [
            "Magic Points",
            "MP"
        ],
        "transformations": {
            "AwakenedDark": {
                "name": "AwakenedDark",
                "requirement": "trusteddown",
                "desc": "",
                "hp": 10,
                "atk": 3,
                "mag": 3,
                "prc": 3,
                "end": -3,
                "chr": -3,
                "int": -2,
                "agl": 2,
                "luk": 3,
                "tp": 0,
                "tpmax": 10,
                "level": 1
            }
        },
        "armor": {},
        "teamCombo": {
            "Foresa": "DarkenedPast",
            "Flara": "CursedBlizzard",
            "Ira": "PsychoticDark"
        },
        "stats": {
            "atk": 4,
            "mag": 15,
            "prc": 7,
            "end": 8,
            "chr": 4,
            "int": 12,
            "agl": 13,
            "luk": 6
        },
        "basestats": {
            "baseatk": 2,
            "basemag": 9,
            "baseprc": 4,
            "baseend": 5,
            "basechr": 2,
            "baseint": 6,
            "baseagl": 7,
            "baseluk": 3
        },
        "affinities": {
            "weak": [
                "earth",
                "fire",
                "bless"
            ],
            "resist": [
                "grass"
            ],
            "block": [
                "curse"
            ],
            "repel": [],
            "drain": []
        },
        "autolearn": {},
        "quotes": {
            "meleequote": [],
            "physquote": [
                "I ABSOLUTELY MUST FUCK AROUND, AND ADDITIONALLY FIND OUT!"
            ],
            "magquote": [
                "*Best prepare your mind now for this!*",
                "Time to make your worst nightmare come to life!",
                "Time to make your mind fuck you over",
                "Time for a change in pace!"
            ],
            "lbquote": [],
            "strongquote": [
                "*Join in the shadows, or you shall suffer more!*",
                "**FOR THE MOTHERLAND!!!**"
            ],
            "missquote": [
                "Chert voz'mi, ya propustil"
            ],
            "weakquote": [
                "***AAAAAA MY EYES***"
            ],
            "hurtquote": [
                "Tch, that won't help",
                "Ow, that really hurts",
                "It's your funeral"
            ],
            "resistquote": [
                "Thanks for the free body rinse"
            ],
            "blockquote": [
                "Ok?"
            ],
            "repelquote": [
                "Didn't you realize *I* am the dark"
            ],
            "drainquote": [
                "Yum, thanks for the meal"
            ],
            "dodgequote": [
                "https://youtu.be/lhckuhUxcgA",
                "....did you even aim?",
                "Oh hohoho, you thought that would work?",
                "What? Did you expect another result?"
            ],
            "killquote": [
                "Look whom is begging for mercy, folks",
                "We're not done yet, bois. Those were the eaaaasy ones!",
                "What a really good plan, your defeat"
            ],
            "allydeathquote": [
                "%ENEMY%, This marks your end of the free trial of being alive.",
                "You're in for a bad time!"
            ],
            "healquote": [],
            "helpedquote": [
                "👍"
            ],
            "lvlquote": [
                "Finally, a step forward",
                "Power courses through me"
            ]
        },
        "leaderskill": {
            "name": "ShadowEyes",
            "type": "buff",
            "var1": "prc",
            "var2": 1
        },
        "lb": {},
        "statusaffinities": {
            "block": [
                "blind"
            ],
            "resist": [
                "sensitive"
            ],
            "weak": [
                "burn",
                "happy"
            ]
        }
    },
    "Neo(X)": {
        "name": "Neo(X)",
        "mainElement": "wind",
        "weaponclass": "none",
        "armorclass": "none",
        "weapons": {},
        "armors": {},
        "curweapon": {},
        "curarmor": {},
        "owner": "455434131808059422",
        "level": 1,
        "hp": 40,
        "mp": 25,
        "maxhp": 40,
        "maxmp": 25,
        "basehp": 40,
        "basemp": 25,
        "mpMeter": [
            "Magic Points",
            "MP"
        ],
        "melee": {
            "name": "Slash Swift",
            "type": "slash",
            "pow": 20,
            "acc": 95,
            "crit": 5
        },
        "stats": {
            "atk": 6,
            "mag": 3,
            "prc": 8,
            "end": 10,
            "chr": 4,
            "int": 6,
            "agl": 4,
            "luk": 4
        },
        "basestats": {
            "baseatk": 6,
            "basemag": 3,
            "baseprc": 8,
            "baseend": 10,
            "basechr": 4,
            "baseint": 6,
            "baseagl": 4,
            "baseluk": 4
        },
        "lb": 0,
        "xp": 0,
        "maxxp": 500,
        "affinities": {
            "superweak": [
                "water"
            ],
            "weak": [
                "electric"
            ],
            "resist": [],
            "block": [
                "wind"
            ],
            "repel": [],
            "drain": []
        },
        "skills": [
            "TornadoStrike2",
            "PSIFreeze-Alpha",
            "AeroSoul"
        ],
        "autolearn": [],
        "quotes": {
            "meleequote": [
                "Take this!",
                "Ha!"
            ],
            "physquote": [
                "ORA ORA!"
            ],
            "magquote": [
                "How about I try this?",
                "Ya won't be able to predict this!"
            ],
            "allyatkquote": [
                "A follow-up!"
            ],
            "lbquote": [
                "Now or never!"
            ],
            "tcquote": [
                "Let's go full throttle on this!"
            ],
            "strongquote": [
                "DROP DEAD!"
            ],
            "badatkquote": [
                "Crap..."
            ],
            "landedquote": [],
            "missquote": [],
            "superweakquote": [
                "GAHHHH!!"
            ],
            "weakquote": [
                "Tch!"
            ],
            "hurtquote": [
                "I have to think...."
            ],
            "resistquote": [],
            "blockquote": [],
            "repelquote": [],
            "drainquote": [],
            "dodgequote": [
                "That didn't land!?"
            ],
            "deathquote": [
                "I'll come back..."
            ],
            "killquote": [
                "That's one!"
            ],
            "pacifyquote": [
                "Hmmm..ya know? Maybe this whole encounter was pointless?"
            ],
            "allydeathquote": [
                "We may need a change of plans!"
            ],
            "healquote": [
                "Stay still..."
            ],
            "helpedquote": [
                "Saved you there for a second."
            ],
            "consolequote": [
                "Hey...things are okay....Atleast it's over."
            ],
            "imfinequote": [
                "I guess worse things could have went down..."
            ],
            "lvlquote": [
                "That was worth it!"
            ]
        },
        "bio": {
            "fullname": "",
            "nickname": "",
            "species": "",
            "gender": "male",
            "height": [
                5,
                9
            ],
            "weight": 0,
            "age": 19,
            "info": "",
            "backstory": "Raised by Queen Windi and King Heck, this Altarian prince is skilled with the sword. He's kind and goofy at times, but he gets timid around some girls (plus maybe a few guys?) at times. Regardless of that, he really is a cool dude.",
            "likes": "Swords, friends, fish, cute gals",
            "dislikes": "absolute freaks, water (I mean, he's still weak to it-), cucumbers, people grabbing his tail.",
            "fears": "",
            "voice": "",
            "theme": "",
            "custom": {
                "Themes": "https://youtu.be/ZOzMMMHIkN8"
            }
        },
        "trust": {},
        "nickname": "Kaze"
    },
    "DJ": {
        "name": "DJ",
        "owner": "532291526634635285",
        "level": 125,
        "hp": 1166,
        "mp": 764,
        "maxhp": 1166,
        "maxmp": 764,
        "basehp": 50,
        "basemp": 20,
        "melee": {
            "name": "Strike Attack",
            "type": "strike",
            "pow": 30,
            "acc": 95,
            "crit": 15
        },
        "xp": 0,
        "maxxp": 25396130197,
        "skills": [
            "BlazingHell",
            "IceAge",
            "WildThunder",
            "MechaRays",
            "ShadowDrown",
            "WarriorCry",
            "Dustify"
        ],
        "critquote": [],
        "deathquote": [],
        "weapon": {},
        "bio": {
            "info": "The world's 'Reaper' that enjoys watching those suffer. He lived in the void with others, but he does possess an ability unlike the others to travel to various other locations without having permission to leave.\n\nOne day, however, he disappeared from the void and hasn't came back, and no one knows the true reason why he did. It's said that he could have possibly left due to his mental state, or perhaps just left due to the amount of disorder. Whatever the case is, he is nowhere to be seen, for now.",
            "backstory": "Haha, fuck you. You don't get a backstory for the 'Reaper'",
            "voice": "Frieza (Japanese)",
            "theme": "",
            "species": "",
            "age": 9999,
            "likes": "Order, Caramel, Enlightened and kindhearted folks.",
            "dislikes": "Complete disorder, strawberry jam, onions",
            "fears": "Using his complete power, having his emotions go uncontrollable, sanity snapping",
            "height": [
                4,
                0
            ],
            "weight": 0,
            "gender": "",
            "custom": {}
        },
        "trust": {
            "RecolorNate": {
                "value": 550,
                "nextLevel": 1000,
                "level": 19
            },
            "Nighthug": {
                "value": 550,
                "nextLevel": 1000,
                "level": 19
            },
            "OldSky": {
                "value": 4814,
                "nextLevel": 6320,
                "level": 312
            },
            "Pointy": {
                "value": 15,
                "nextLevel": 100,
                "level": 1
            },
            "UltiHeal": {
                "value": 60,
                "nextLevel": 100,
                "level": 1
            }
        },
        "leader": true,
        "lb4": {
            "name": "HellsRulerUltimate",
            "class": "atk",
            "pow": 1250,
            "cost": 325,
            "status": "burn",
            "statuschance": 200
        },
        "charms": [],
        "curCharms": [],
        "mainElement": "strike",
        "nickname": "Reaper of Yaretza",
        "mpMeter": [
            "ReaperStamina",
            "RS"
        ],
        "armor": {},
        "teamCombo": {
            "OldSky": "AbyssalDarkness"
        },
        "stats": {
            "atk": 49,
            "mag": 49,
            "prc": 70,
            "end": 70,
            "chr": 70,
            "int": 99,
            "agl": 99,
            "luk": 99
        },
        "basestats": {
            "baseatk": 8,
            "basemag": 8,
            "baseprc": 8,
            "baseend": 8,
            "basechr": 8,
            "baseint": 8,
            "baseagl": 8,
            "baseluk": 8
        },
        "affinities": {
            "weak": [
                "water",
                "nuclear"
            ],
            "resist": [],
            "block": [
                "almighty",
                "fire"
            ],
            "repel": [],
            "drain": []
        },
        "autolearn": {
            "0": true,
            "1": true,
            "2": true,
            "3": true,
            "4": true,
            "5": true,
            "6": true
        },
        "quotes": {
            "meleequote": [],
            "physquote": [
                "Say goodbye!"
            ],
            "magquote": [
                "I will end this!",
                "YOU MUST DIE BY MY HANDS!",
                "You're welcome to keep trying.",
                "You shouldn't have done what you did."
            ],
            "allyatkquote": [],
            "lbquote": [],
            "strongquote": [
                "Now that fuels my sadistic tendencies."
            ],
            "missquote": [],
            "weakquote": [],
            "hurtquote": [],
            "resistquote": [
                "Resistance is futile!"
            ],
            "blockquote": [],
            "repelquote": [
                "That won't do you any good!"
            ],
            "drainquote": [],
            "dodgequote": [
                "You can't touch me, dumbass!",
                "You are pissing your fucking pants now?",
                "Are you trembling?",
                "You seriously are a joke.",
                "You're a god damn moron!",
                "My Grandma aims better than that",
                "Get those preceptors fixed!",
                "L for those to made you exist to miss",
                "You're pathetic compared to my speed!",
                "Dodge fest, lmao",
                "Your speed sucks",
                "Did me standing here wide open lives here",
                "My piss hits more often!",
                "Grovel at my feet, and I may feel remorseful",
                "Oh ok",
                "Try again, but use your best move this time"
            ],
            "killquote": [
                "You're history!",
                "You're dust!",
                "You didn't stand a chance!",
                "You shouldn't have tried to face the reaper, after all."
            ],
            "allydeathquote": [],
            "healquote": [],
            "helpedquote": [],
            "consolequote": [],
            "imfinequote": [],
            "lvlquote": []
        },
        "leaderskill": {
            "name": "EverHell",
            "type": "discount",
            "var1": "magic",
            "var2": 50
        },
        "lb": {
            "1": {
                "name": "HellPower",
                "class": "atk",
                "pow": 550,
                "cost": 100,
                "status": "burn",
                "statuschance": 125
            },
            "2": {
                "name": "HellsReign",
                "class": "atk",
                "pow": 800,
                "cost": 225,
                "status": "burn",
                "statuschance": 150
            },
            "3": {
                "name": "HellsSupremacy",
                "class": "atk",
                "pow": 1000,
                "cost": 295,
                "status": "burn",
                "statuschance": 175
            }
        }
    }
}