{
    "Sandbag": {
        "name": "Sandbag",
        "mainElement": "status",
        "owner": "532291526634635285",
        "level": 1,
        "hp": 99999,
        "mp": 9999,
        "status": "none",
        "statusturns": 0,
        "melee": {
            "name": "Strike Attack",
            "type": "strike",
            "pow": 30,
            "acc": 95,
            "crit": 15
        },
        "stats": {
            "atk": 1,
            "mag": 1,
            "prc": 1,
            "end": 1,
            "chr": 1,
            "int": 1,
            "agl": 1,
            "luk": 1
        },
        "lb": {},
        "xp": 1,
        "affinities": {
            "superweak": [],
            "weak": [],
            "resist": [],
            "block": [],
            "repel": [],
            "drain": []
        },
        "skills": [
            "InfiniteEndure",
            "Splash"
        ],
        "quotes": {
            "meleequote": [],
            "physquote": [],
            "magquote": [],
            "allyatkquote": [],
            "lbquote": [],
            "tcquote": [],
            "strongquote": [],
            "badatkquote": [],
            "landedquote": [],
            "missquote": [],
            "superweakquote": [],
            "weakquote": [],
            "hurtquote": [],
            "resistquote": [],
            "blockquote": [],
            "repelquote": [],
            "drainquote": [],
            "dodgequote": [],
            "deathquote": [],
            "killquote": [],
            "pacifyquote": [],
            "allydeathquote": [],
            "healquote": [],
            "helpedquote": [],
            "consolequote": [],
            "imfinequote": [],
            "lvlquote": []
        },
        "dreams": [],
        "negotiate": [],
        "negotiateDefs": {
            "required": 5
        },
        "loot": "",
        "image": "",
        "type": "none",
        "journal": "Just a punching bag, go ham on it."
    }
}