{
    "Basic Cola": {
        "name": "Basic Cola",
        "rarity": "common",
        "cost": 20,
        "type": "heal",
        "originalAuthor": "455434131808059422",
        "desc": "Mhhhh! Soda made from Icoberry leaf extract! This heals 15 HP of calories and sugars.",
        "heal": 15
    },
    "Green Potion": {
        "name": "Green Potion",
        "rarity": "uncommon",
        "cost": 45,
        "type": "heal",
        "originalAuthor": "455434131808059422",
        "desc": "Despite it smelling kinda like grass, it's a good way to heal! By either drinking it or **SLAPPING** it on the wound.",
        "heal": 25
    },
    "Wood": {
        "name": "Wood",
        "rarity": "common",
        "cost": 15,
        "type": "material",
        "originalAuthor": "532291526634635285",
        "desc": "Just ordinary wood used for virtually everything in the world."
    }
}